[debug] [2026-06-14T19:29:03.150Z] ----------------------------------------------------------------------
[debug] [2026-06-14T19:29:03.151Z] Command:       /opt/homebrew/Cellar/node@20/20.20.2/bin/node /Users/matan/.local/bin/firebase deploy --only functions:cronEvery15Min --non-interactive
[debug] [2026-06-14T19:29:03.151Z] CLI Version:   15.15.0
[debug] [2026-06-14T19:29:03.152Z] Platform:      darwin
[debug] [2026-06-14T19:29:03.152Z] Node Version:  v20.20.2
[debug] [2026-06-14T19:29:03.152Z] Time:          Sun Jun 14 2026 22:29:03 GMT+0300 (Israel Daylight Time)
[debug] [2026-06-14T19:29:03.152Z] ----------------------------------------------------------------------
[debug] 
[debug] [2026-06-14T19:29:03.870Z] > command requires scopes: ["email","openid","https://www.googleapis.com/auth/cloudplatformprojects.readonly","https://www.googleapis.com/auth/firebase","https://www.googleapis.com/auth/cloud-platform"]
[debug] [2026-06-14T19:29:03.871Z] > authorizing via signed-in user (studiogameslime@gmail.com)
[debug] [2026-06-14T19:29:03.871Z] [iam] checking project soccer-app-52b6b for permissions ["cloudfunctions.functions.create","cloudfunctions.functions.delete","cloudfunctions.functions.get","cloudfunctions.functions.list","cloudfunctions.functions.update","cloudfunctions.operations.get","firebase.projects.get"]
[debug] [2026-06-14T19:29:03.871Z] Checked if tokens are valid: false, expires at: 1781444377955
[debug] [2026-06-14T19:29:03.871Z] Checked if tokens are valid: false, expires at: 1781444377955
[debug] [2026-06-14T19:29:03.871Z] > refreshing access token with scopes: []
[debug] [2026-06-14T19:29:03.872Z] >>> [apiv2][query] POST https://www.googleapis.com/oauth2/v3/token [none]
[debug] [2026-06-14T19:29:03.872Z] >>> [apiv2][body] POST https://www.googleapis.com/oauth2/v3/token [omitted]
[debug] [2026-06-14T19:29:04.076Z] <<< [apiv2][status] POST https://www.googleapis.com/oauth2/v3/token 200
[debug] [2026-06-14T19:29:04.076Z] <<< [apiv2][body] POST https://www.googleapis.com/oauth2/v3/token [omitted]
[debug] [2026-06-14T19:29:04.085Z] >>> [apiv2][query] POST https://cloudresourcemanager.googleapis.com/v1/projects/soccer-app-52b6b:testIamPermissions [none]
[debug] [2026-06-14T19:29:04.086Z] >>> [apiv2][(partial)header] POST https://cloudresourcemanager.googleapis.com/v1/projects/soccer-app-52b6b:testIamPermissions  x-goog-user-project=soccer-app-52b6b
[debug] [2026-06-14T19:29:04.086Z] >>> [apiv2][body] POST https://cloudresourcemanager.googleapis.com/v1/projects/soccer-app-52b6b:testIamPermissions {"permissions":["cloudfunctions.functions.create","cloudfunctions.functions.delete","cloudfunctions.functions.get","cloudfunctions.functions.list","cloudfunctions.functions.update","cloudfunctions.operations.get","firebase.projects.get"]}
[debug] [2026-06-14T19:29:05.045Z] <<< [apiv2][status] POST https://cloudresourcemanager.googleapis.com/v1/projects/soccer-app-52b6b:testIamPermissions 200
[debug] [2026-06-14T19:29:05.045Z] <<< [apiv2][body] POST https://cloudresourcemanager.googleapis.com/v1/projects/soccer-app-52b6b:testIamPermissions {"permissions":["cloudfunctions.functions.create","cloudfunctions.functions.delete","cloudfunctions.functions.get","cloudfunctions.functions.list","cloudfunctions.functions.update","cloudfunctions.operations.get","firebase.projects.get"]}
[debug] [2026-06-14T19:29:05.045Z] Checked if tokens are valid: true, expires at: 1781468943076
[debug] [2026-06-14T19:29:05.045Z] Checked if tokens are valid: true, expires at: 1781468943076
[debug] [2026-06-14T19:29:05.046Z] >>> [apiv2][query] POST https://iam.googleapis.com/v1/projects/soccer-app-52b6b/serviceAccounts/soccer-app-52b6b@appspot.gserviceaccount.com:testIamPermissions [none]
[debug] [2026-06-14T19:29:05.046Z] >>> [apiv2][body] POST https://iam.googleapis.com/v1/projects/soccer-app-52b6b/serviceAccounts/soccer-app-52b6b@appspot.gserviceaccount.com:testIamPermissions {"permissions":["iam.serviceAccounts.actAs"]}
[debug] [2026-06-14T19:29:06.071Z] <<< [apiv2][status] POST https://iam.googleapis.com/v1/projects/soccer-app-52b6b/serviceAccounts/soccer-app-52b6b@appspot.gserviceaccount.com:testIamPermissions 200
[debug] [2026-06-14T19:29:06.071Z] <<< [apiv2][body] POST https://iam.googleapis.com/v1/projects/soccer-app-52b6b/serviceAccounts/soccer-app-52b6b@appspot.gserviceaccount.com:testIamPermissions {"permissions":["iam.serviceAccounts.actAs"]}
[info] 
[info] === Deploying to 'soccer-app-52b6b'...
[info] 
[info] i  deploying functions 
[info] Running command: npm --prefix "$RESOURCE_DIR" run build
[info] ✔  functions: Finished running predeploy script. 
[debug] [2026-06-14T19:29:07.344Z] Checked if tokens are valid: true, expires at: 1781468943076
[debug] [2026-06-14T19:29:07.344Z] Checked if tokens are valid: true, expires at: 1781468943076
[debug] [2026-06-14T19:29:07.344Z] >>> [apiv2][query] GET https://cloudresourcemanager.googleapis.com/v1/projects/soccer-app-52b6b [none]
[debug] [2026-06-14T19:29:07.555Z] <<< [apiv2][status] GET https://cloudresourcemanager.googleapis.com/v1/projects/soccer-app-52b6b 200
[debug] [2026-06-14T19:29:07.555Z] <<< [apiv2][body] GET https://cloudresourcemanager.googleapis.com/v1/projects/soccer-app-52b6b {"projectNumber":"559368532219","projectId":"soccer-app-52b6b","lifecycleState":"ACTIVE","name":"Soccer App","labels":{"firebase":"enabled","firebase-core":"disabled"},"createTime":"2026-04-26T19:03:08.742Z"}
[info] i  functions: preparing codebase default for deployment 
[info] i  functions: ensuring required API cloudfunctions.googleapis.com is enabled... 
[info] i  functions: ensuring required API cloudbuild.googleapis.com is enabled... 
[info] i  artifactregistry: ensuring required API artifactregistry.googleapis.com is enabled... 
[debug] [2026-06-14T19:29:07.557Z] Checked if tokens are valid: true, expires at: 1781468943076
[debug] [2026-06-14T19:29:07.557Z] Checked if tokens are valid: true, expires at: 1781468943076
[debug] [2026-06-14T19:29:07.557Z] >>> [apiv2][query] GET https://firebase.googleapis.com/v1beta1/projects/soccer-app-52b6b/adminSdkConfig [none]
[debug] [2026-06-14T19:29:08.254Z] <<< [apiv2][status] GET https://firebase.googleapis.com/v1beta1/projects/soccer-app-52b6b/adminSdkConfig 200
[debug] [2026-06-14T19:29:08.254Z] <<< [apiv2][body] GET https://firebase.googleapis.com/v1beta1/projects/soccer-app-52b6b/adminSdkConfig {"projectId":"soccer-app-52b6b","storageBucket":"soccer-app-52b6b.firebasestorage.app"}
[debug] [2026-06-14T19:29:08.254Z] Checked if tokens are valid: true, expires at: 1781468943076
[debug] [2026-06-14T19:29:08.254Z] Checked if tokens are valid: true, expires at: 1781468943076
[debug] [2026-06-14T19:29:08.254Z] >>> [apiv2][query] GET https://runtimeconfig.googleapis.com/v1beta1/projects/soccer-app-52b6b/configs [none]
[debug] [2026-06-14T19:29:08.647Z] <<< [apiv2][status] GET https://runtimeconfig.googleapis.com/v1beta1/projects/soccer-app-52b6b/configs 200
[debug] [2026-06-14T19:29:08.647Z] <<< [apiv2][body] GET https://runtimeconfig.googleapis.com/v1beta1/projects/soccer-app-52b6b/configs {}
[debug] [2026-06-14T19:29:08.649Z] Validating nodejs source
[warn] ⚠  functions: Runtime Node.js 20 was deprecated on 2026-04-30 and will be decommissioned on 2026-10-30, after which you will not be able to deploy without upgrading. Consider upgrading now to avoid disruption. See https://cloud.google.com/functions/docs/runtime-support for full details on the lifecycle policy 
[warn] ⚠  functions: package.json indicates an outdated version of firebase-functions. Please upgrade using npm install --save firebase-functions@latest in your functions directory. 
[warn] ⚠  functions: Please note that there will be breaking changes when you upgrade. 
[debug] [2026-06-14T19:29:09.313Z] > [functions] package.json contents: {
  "name": "footy-functions",
  "private": true,
  "description": "Cloud Functions for the Footy app — push notification consumer.",
  "main": "lib/index.js",
  "engines": {
    "node": "20"
  },
  "scripts": {
    "build": "node scripts/copy-template.js && tsc",
    "build:watch": "tsc --watch",
    "deploy": "firebase deploy --only functions",
    "logs": "firebase functions:log",
    "lint": "tsc --noEmit",
    "android": "expo run:android",
    "ios": "expo run:ios"
  },
  "dependencies": {
    "@react-native-google-signin/google-signin": "^16.1.2",
    "@types/jsrsasign": "^10.5.15",
    "expo": "~53.0.27",
    "firebase-admin": "^12.5.0",
    "firebase-functions": "^5.1.1",
    "jsrsasign": "^11.1.3",
    "react": "19.0.0",
    "react-native": "0.79.6"
  },
  "devDependencies": {
    "typescript": "^5.4.5"
  },
  "version": "1.0.0"
}
[debug] [2026-06-14T19:29:09.313Z] Building nodejs source
[info] i  functions: Loading and analyzing source code for codebase default to determine what to deploy 
[debug] [2026-06-14T19:29:09.314Z] Could not find functions.yaml. Must use http discovery
[debug] [2026-06-14T19:29:09.319Z] Found firebase-functions binary at '/Users/matan/Projects/soccer/functions/node_modules/.bin/firebase-functions'
[info] Serving at port 8838

[debug] [2026-06-14T19:29:09.622Z] Got response from /__/functions.yaml {"endpoints":{"onGameChatMessage":{"availableMemoryMb":null,"timeoutSeconds":null,"minInstances":null,"maxInstances":null,"ingressSettings":null,"concurrency":null,"serviceAccountEmail":null,"vpc":null,"platform":"gcfv2","labels":{},"eventTrigger":{"eventType":"google.cloud.firestore.document.v1.created","eventFilters":{"database":"(default)","namespace":"(default)"},"eventFilterPathPatterns":{"document":"games/{gameId}/messages/{msgId}"},"retry":false},"entryPoint":"onGameChatMessage"},"onCommunityChatMessage":{"availableMemoryMb":null,"timeoutSeconds":null,"minInstances":null,"maxInstances":null,"ingressSettings":null,"concurrency":null,"serviceAccountEmail":null,"vpc":null,"platform":"gcfv2","labels":{},"eventTrigger":{"eventType":"google.cloud.firestore.document.v1.created","eventFilters":{"database":"(default)","namespace":"(default)"},"eventFilterPathPatterns":{"document":"groups/{groupId}/messages/{msgId}"},"retry":false},"entryPoint":"onCommunityChatMessage"},"onNotificationCreated":{"availableMemoryMb":null,"timeoutSeconds":null,"minInstances":null,"maxInstances":10,"ingressSettings":null,"concurrency":null,"serviceAccountEmail":null,"vpc":null,"platform":"gcfv2","region":["us-central1"],"labels":{},"eventTrigger":{"eventType":"google.cloud.firestore.document.v1.created","eventFilters":{"database":"(default)","namespace":"(default)"},"eventFilterPathPatterns":{"document":"notifications/{id}"},"retry":false},"entryPoint":"onNotificationCreated"},"flushPendingJoinerNotifsTask":{"platform":"gcfv2","availableMemoryMb":null,"timeoutSeconds":null,"minInstances":null,"maxInstances":10,"ingressSettings":null,"concurrency":null,"serviceAccountEmail":null,"vpc":null,"region":["us-central1"],"labels":{},"taskQueueTrigger":{"retryConfig":{"maxAttempts":5,"maxDoublings":null,"maxBackoffSeconds":null,"maxRetrySeconds":null,"minBackoffSeconds":10},"rateLimits":{"maxConcurrentDispatches":6,"maxDispatchesPerSecond":null}},"entryPoint":"flushPendingJoinerNotifsTask"},"scheduledGameMomentTask":{"platform":"gcfv2","availableMemoryMb":null,"timeoutSeconds":null,"minInstances":null,"maxInstances":10,"ingressSettings":null,"concurrency":null,"serviceAccountEmail":null,"vpc":null,"region":["us-central1"],"labels":{},"taskQueueTrigger":{"retryConfig":{"maxAttempts":5,"maxDoublings":null,"maxBackoffSeconds":null,"maxRetrySeconds":null,"minBackoffSeconds":10},"rateLimits":{"maxConcurrentDispatches":6,"maxDispatchesPerSecond":null}},"entryPoint":"scheduledGameMomentTask"},"onGroupPendingChanged":{"availableMemoryMb":null,"timeoutSeconds":null,"minInstances":null,"maxInstances":10,"ingressSettings":null,"concurrency":null,"serviceAccountEmail":null,"vpc":null,"platform":"gcfv2","region":["us-central1"],"labels":{},"eventTrigger":{"eventType":"google.cloud.firestore.document.v1.written","eventFilters":{"database":"(default)","namespace":"(default)"},"eventFilterPathPatterns":{"document":"groups/{groupId}"},"retry":false},"entryPoint":"onGroupPendingChanged"},"onGameRosterChanged":{"availableMemoryMb":null,"timeoutSeconds":null,"minInstances":null,"maxInstances":10,"ingressSettings":null,"concurrency":null,"serviceAccountEmail":null,"vpc":null,"platform":"gcfv2","region":["us-central1"],"labels":{},"eventTrigger":{"eventType":"google.cloud.firestore.document.v1.written","eventFilters":{"database":"(default)","namespace":"(default)"},"eventFilterPathPatterns":{"document":"games/{gameId}"},"retry":false},"entryPoint":"onGameRosterChanged"},"onVoteWritten":{"availableMemoryMb":null,"timeoutSeconds":null,"minInstances":null,"maxInstances":10,"ingressSettings":null,"concurrency":null,"serviceAccountEmail":null,"vpc":null,"platform":"gcfv2","region":["us-central1"],"labels":{},"eventTrigger":{"eventType":"google.cloud.firestore.document.v1.written","eventFilters":{"database":"(default)","namespace":"(default)"},"eventFilterPathPatterns":{"document":"ratings/{ratedUserId}/votes/{raterUserId}"},"retry":false},"entryPoint":"onVoteWritten"},"onVoteWrittenLegacy":{"availableMemoryMb":null,"timeoutSeconds":null,"minInstances":null,"maxInstances":10,"ingressSettings":null,"concurrency":null,"serviceAccountEmail":null,"vpc":null,"platform":"gcfv2","region":["us-central1"],"labels":{},"eventTrigger":{"eventType":"google.cloud.firestore.document.v1.written","eventFilters":{"database":"(default)","namespace":"(default)"},"eventFilterPathPatterns":{"document":"groups/{groupId}/ratings/{ratedUserId}/votes/{raterUserId}"},"retry":false},"entryPoint":"onVoteWrittenLegacy"},"updateAppConfig":{"availableMemoryMb":null,"timeoutSeconds":null,"minInstances":null,"maxInstances":10,"ingressSettings":null,"concurrency":null,"serviceAccountEmail":null,"vpc":null,"platform":"gcfv2","region":["us-central1"],"labels":{},"callableTrigger":{},"entryPoint":"updateAppConfig"},"sendGameInvite":{"availableMemoryMb":null,"timeoutSeconds":null,"minInstances":null,"maxInstances":10,"ingressSettings":null,"concurrency":null,"serviceAccountEmail":null,"vpc":null,"platform":"gcfv2","region":["us-central1"],"labels":{},"callableTrigger":{},"entryPoint":"sendGameInvite"},"notifyPlayerCancelled":{"availableMemoryMb":null,"timeoutSeconds":null,"minInstances":null,"maxInstances":10,"ingressSettings":null,"concurrency":null,"serviceAccountEmail":null,"vpc":null,"platform":"gcfv2","region":["us-central1"],"labels":{},"callableTrigger":{},"entryPoint":"notifyPlayerCancelled"},"ensurePersonalGroup":{"availableMemoryMb":null,"timeoutSeconds":null,"minInstances":null,"maxInstances":10,"ingressSettings":null,"concurrency":null,"serviceAccountEmail":null,"vpc":null,"platform":"gcfv2","region":["us-central1"],"labels":{},"callableTrigger":{},"entryPoint":"ensurePersonalGroup"},"getServerTime":{"availableMemoryMb":null,"timeoutSeconds":null,"minInstances":null,"maxInstances":10,"ingressSettings":null,"concurrency":null,"serviceAccountEmail":null,"vpc":null,"platform":"gcfv2","region":["us-central1"],"labels":{},"callableTrigger":{},"entryPoint":"getServerTime"},"promoteOrphanToGroup":{"availableMemoryMb":null,"timeoutSeconds":null,"minInstances":null,"maxInstances":10,"ingressSettings":null,"concurrency":null,"serviceAccountEmail":null,"vpc":null,"platform":"gcfv2","region":["us-central1"],"labels":{},"callableTrigger":{},"entryPoint":"promoteOrphanToGroup"},"uploadGroupCover":{"availableMemoryMb":null,"timeoutSeconds":null,"minInstances":null,"maxInstances":10,"ingressSettings":null,"concurrency":null,"serviceAccountEmail":null,"vpc":null,"platform":"gcfv2","region":["us-central1"],"labels":{},"callableTrigger":{},"entryPoint":"uploadGroupCover"},"createGroupCallable":{"availableMemoryMb":null,"timeoutSeconds":null,"minInstances":null,"maxInstances":10,"ingressSettings":null,"concurrency":null,"serviceAccountEmail":null,"vpc":null,"platform":"gcfv2","region":["us-central1"],"labels":{},"callableTrigger":{},"entryPoint":"createGroupCallable"},"backfillGroupCreatorIdsOnce":{"availableMemoryMb":null,"timeoutSeconds":null,"minInstances":null,"maxInstances":10,"ingressSettings":null,"concurrency":null,"serviceAccountEmail":null,"vpc":null,"platform":"gcfv2","region":["us-central1"],"labels":{},"callableTrigger":{},"entryPoint":"backfillGroupCreatorIdsOnce"},"updateShowcaseOnGroupChange":{"availableMemoryMb":null,"timeoutSeconds":null,"minInstances":null,"maxInstances":10,"ingressSettings":null,"concurrency":null,"serviceAccountEmail":null,"vpc":null,"platform":"gcfv2","region":["us-central1"],"labels":{},"eventTrigger":{"eventType":"google.cloud.firestore.document.v1.written","eventFilters":{"database":"(default)","namespace":"(default)"},"eventFilterPathPatterns":{"document":"groups/{groupId}"},"retry":false},"entryPoint":"updateShowcaseOnGroupChange"},"updateShowcaseOnGameChange":{"availableMemoryMb":null,"timeoutSeconds":null,"minInstances":null,"maxInstances":10,"ingressSettings":null,"concurrency":null,"serviceAccountEmail":null,"vpc":null,"platform":"gcfv2","region":["us-central1"],"labels":{},"eventTrigger":{"eventType":"google.cloud.firestore.document.v1.written","eventFilters":{"database":"(default)","namespace":"(default)"},"eventFilterPathPatterns":{"document":"games/{gameId}"},"retry":false},"entryPoint":"updateShowcaseOnGameChange"},"serveCommunityPage":{"availableMemoryMb":256,"timeoutSeconds":null,"minInstances":null,"maxInstances":10,"ingressSettings":null,"concurrency":null,"serviceAccountEmail":null,"vpc":null,"platform":"gcfv2","region":["us-central1"],"labels":{},"httpsTrigger":{},"entryPoint":"serveCommunityPage"},"onFillerInterestCreated":{"availableMemoryMb":null,"timeoutSeconds":null,"minInstances":null,"maxInstances":10,"ingressSettings":null,"concurrency":null,"serviceAccountEmail":null,"vpc":null,"platform":"gcfv2","region":["us-central1"],"labels":{},"eventTrigger":{"eventType":"google.cloud.firestore.document.v1.created","eventFilters":{"database":"(default)","namespace":"(default)"},"eventFilterPathPatterns":{"document":"games/{gameId}/fillerInterests/{uid}"},"retry":false},"entryPoint":"onFillerInterestCreated"},"submitFillerInterest":{"availableMemoryMb":null,"timeoutSeconds":null,"minInstances":null,"maxInstances":10,"ingressSettings":null,"concurrency":null,"serviceAccountEmail":null,"vpc":null,"platform":"gcfv2","region":["us-central1"],"labels":{},"callableTrigger":{},"entryPoint":"submitFillerInterest"},"approveFiller":{"availableMemoryMb":null,"timeoutSeconds":null,"minInstances":null,"maxInstances":10,"ingressSettings":null,"concurrency":null,"serviceAccountEmail":null,"vpc":null,"platform":"gcfv2","region":["us-central1"],"labels":{},"callableTrigger":{},"entryPoint":"approveFiller"},"declineFiller":{"availableMemoryMb":null,"timeoutSeconds":null,"minInstances":null,"maxInstances":10,"ingressSettings":null,"concurrency":null,"serviceAccountEmail":null,"vpc":null,"platform":"gcfv2","region":["us-central1"],"labels":{},"callableTrigger":{},"entryPoint":"declineFiller"},"onFriendRequestCreated":{"availableMemoryMb":null,"timeoutSeconds":null,"minInstances":null,"maxInstances":10,"ingressSettings":null,"concurrency":null,"serviceAccountEmail":null,"vpc":null,"platform":"gcfv2","region":["us-central1"],"labels":{},"eventTrigger":{"eventType":"google.cloud.firestore.document.v1.created","eventFilters":{"database":"(default)","namespace":"(default)"},"eventFilterPathPatterns":{"document":"friendRequests/{rid}"},"retry":false},"entryPoint":"onFriendRequestCreated"},"acceptFriendRequest":{"availableMemoryMb":null,"timeoutSeconds":null,"minInstances":null,"maxInstances":10,"ingressSettings":null,"concurrency":null,"serviceAccountEmail":null,"vpc":null,"platform":"gcfv2","region":["us-central1"],"labels":{},"callableTrigger":{},"entryPoint":"acceptFriendRequest"},"removeFriendship":{"availableMemoryMb":null,"timeoutSeconds":null,"minInstances":null,"maxInstances":10,"ingressSettings":null,"concurrency":null,"serviceAccountEmail":null,"vpc":null,"platform":"gcfv2","region":["us-central1"],"labels":{},"callableTrigger":{},"entryPoint":"removeFriendship"},"inviteFriendsToGroup":{"availableMemoryMb":null,"timeoutSeconds":null,"minInstances":null,"maxInstances":10,"ingressSettings":null,"concurrency":null,"serviceAccountEmail":null,"vpc":null,"platform":"gcfv2","region":["us-central1"],"labels":{},"callableTrigger":{},"entryPoint":"inviteFriendsToGroup"},"onNewUserJoined":{"availableMemoryMb":null,"timeoutSeconds":null,"minInstances":null,"maxInstances":10,"ingressSettings":null,"concurrency":null,"serviceAccountEmail":null,"vpc":null,"platform":"gcfv2","region":["us-central1"],"labels":{},"eventTrigger":{"eventType":"google.cloud.firestore.document.v1.created","eventFilters":{"database":"(default)","namespace":"(default)"},"eventFilterPathPatterns":{"document":"users/{uid}"},"retry":false},"entryPoint":"onNewUserJoined"},"onGameCreatedAlert":{"availableMemoryMb":null,"timeoutSeconds":null,"minInstances":null,"maxInstances":10,"ingressSettings":null,"concurrency":null,"serviceAccountEmail":null,"vpc":null,"platform":"gcfv2","region":["us-central1"],"labels":{},"eventTrigger":{"eventType":"google.cloud.firestore.document.v1.created","eventFilters":{"database":"(default)","namespace":"(default)"},"eventFilterPathPatterns":{"document":"games/{id}"},"retry":false},"entryPoint":"onGameCreatedAlert"},"onGameJoinedAlert":{"availableMemoryMb":null,"timeoutSeconds":null,"minInstances":null,"maxInstances":10,"ingressSettings":null,"concurrency":null,"serviceAccountEmail":null,"vpc":null,"platform":"gcfv2","region":["us-central1"],"labels":{},"eventTrigger":{"eventType":"google.cloud.firestore.document.v1.updated","eventFilters":{"database":"(default)","namespace":"(default)"},"eventFilterPathPatterns":{"document":"games/{id}"},"retry":false},"entryPoint":"onGameJoinedAlert"},"onCommunityCreatedAlert":{"availableMemoryMb":null,"timeoutSeconds":null,"minInstances":null,"maxInstances":10,"ingressSettings":null,"concurrency":null,"serviceAccountEmail":null,"vpc":null,"platform":"gcfv2","region":["us-central1"],"labels":{},"eventTrigger":{"eventType":"google.cloud.firestore.document.v1.created","eventFilters":{"database":"(default)","namespace":"(default)"},"eventFilterPathPatterns":{"document":"groups/{id}"},"retry":false},"entryPoint":"onCommunityCreatedAlert"},"onCommunityJoinedAlert":{"availableMemoryMb":null,"timeoutSeconds":null,"minInstances":null,"maxInstances":10,"ingressSettings":null,"concurrency":null,"serviceAccountEmail":null,"vpc":null,"platform":"gcfv2","region":["us-central1"],"labels":{},"eventTrigger":{"eventType":"google.cloud.firestore.document.v1.updated","eventFilters":{"database":"(default)","namespace":"(default)"},"eventFilterPathPatterns":{"document":"groups/{id}"},"retry":false},"entryPoint":"onCommunityJoinedAlert"},"onErrorLogged":{"availableMemoryMb":null,"timeoutSeconds":null,"minInstances":null,"maxInstances":10,"ingressSettings":null,"concurrency":null,"serviceAccountEmail":null,"vpc":null,"platform":"gcfv2","region":["us-central1"],"labels":{},"eventTrigger":{"eventType":"google.cloud.firestore.document.v1.created","eventFilters":{"database":"(default)","namespace":"(default)"},"eventFilterPathPatterns":{"document":"errors/{fp}"},"retry":false},"entryPoint":"onErrorLogged"},"onCampaignCreated":{"availableMemoryMb":null,"timeoutSeconds":null,"minInstances":null,"maxInstances":10,"ingressSettings":null,"concurrency":null,"serviceAccountEmail":null,"vpc":null,"platform":"gcfv2","region":["us-central1"],"labels":{},"eventTrigger":{"eventType":"google.cloud.firestore.document.v1.created","eventFilters":{"database":"(default)","namespace":"(default)"},"eventFilterPathPatterns":{"document":"campaigns/{id}"},"retry":false},"entryPoint":"onCampaignCreated"},"trackCampaignEvent":{"availableMemoryMb":null,"timeoutSeconds":null,"minInstances":null,"maxInstances":10,"ingressSettings":null,"concurrency":null,"serviceAccountEmail":null,"vpc":null,"platform":"gcfv2","region":["us-central1"],"labels":{},"callableTrigger":{},"entryPoint":"trackCampaignEvent"},"trackLinkClick":{"availableMemoryMb":256,"timeoutSeconds":null,"minInstances":null,"maxInstances":10,"ingressSettings":null,"concurrency":null,"serviceAccountEmail":null,"vpc":null,"platform":"gcfv2","region":["us-central1"],"labels":{},"httpsTrigger":{},"entryPoint":"trackLinkClick"},"onFeedbackSubmitted":{"availableMemoryMb":null,"timeoutSeconds":null,"minInstances":null,"maxInstances":10,"ingressSettings":null,"concurrency":null,"serviceAccountEmail":null,"vpc":null,"platform":"gcfv2","region":["us-central1"],"labels":{},"eventTrigger":{"eventType":"google.cloud.firestore.document.v1.created","eventFilters":{"database":"(default)","namespace":"(default)"},"eventFilterPathPatterns":{"document":"feedback/{id}"},"retry":false},"entryPoint":"onFeedbackSubmitted"},"cronEvery5Min":{"availableMemoryMb":null,"timeoutSeconds":null,"minInstances":null,"maxInstances":10,"ingressSettings":null,"concurrency":null,"serviceAccountEmail":null,"vpc":null,"platform":"gcfv2","region":["us-central1"],"labels":{},"scheduleTrigger":{"schedule":"every 5 minutes","retryConfig":{},"timeZone":"Asia/Jerusalem"},"entryPoint":"cronEvery5Min"},"cronEvery15Min":{"availableMemoryMb":512,"timeoutSeconds":540,"minInstances":null,"maxInstances":10,"ingressSettings":null,"concurrency":null,"serviceAccountEmail":null,"vpc":null,"platform":"gcfv2","region":["us-central1"],"secretEnvironmentVariables":[{"key":"ASC_P8"},{"key":"PLAY_SA"}],"labels":{},"scheduleTrigger":{"schedule":"every 15 minutes","retryConfig":{},"timeZone":"Asia/Jerusalem"},"entryPoint":"cronEvery15Min"},"cronEvery60Min":{"availableMemoryMb":null,"timeoutSeconds":null,"minInstances":null,"maxInstances":10,"ingressSettings":null,"concurrency":null,"serviceAccountEmail":null,"vpc":null,"platform":"gcfv2","region":["us-central1"],"labels":{},"scheduleTrigger":{"schedule":"every 60 minutes","retryConfig":{},"timeZone":"Asia/Jerusalem"},"entryPoint":"cronEvery60Min"}},"specVersion":"v1alpha1","requiredAPIs":[{"api":"cloudtasks.googleapis.com","reason":"Needed for task queue functions"},{"api":"cloudscheduler.googleapis.com","reason":"Needed for scheduled functions."}],"extensions":{},"params":[{"type":"secret","name":"ASC_P8"},{"type":"secret","name":"PLAY_SA"}]}
[info] i  extensions: ensuring required API firebaseextensions.googleapis.com is enabled... 
[debug] [2026-06-14T19:29:13.652Z] > command requires scopes: ["email","openid","https://www.googleapis.com/auth/cloudplatformprojects.readonly","https://www.googleapis.com/auth/firebase","https://www.googleapis.com/auth/cloud-platform"]
[debug] [2026-06-14T19:29:13.653Z] > authorizing via signed-in user (studiogameslime@gmail.com)
[debug] [2026-06-14T19:29:13.653Z] [iam] checking project soccer-app-52b6b for permissions ["firebase.projects.get","firebaseextensions.instances.list"]
[debug] [2026-06-14T19:29:13.653Z] Checked if tokens are valid: true, expires at: 1781468943076
[debug] [2026-06-14T19:29:13.653Z] Checked if tokens are valid: true, expires at: 1781468943076
[debug] [2026-06-14T19:29:13.653Z] >>> [apiv2][query] POST https://cloudresourcemanager.googleapis.com/v1/projects/soccer-app-52b6b:testIamPermissions [none]
[debug] [2026-06-14T19:29:13.653Z] >>> [apiv2][(partial)header] POST https://cloudresourcemanager.googleapis.com/v1/projects/soccer-app-52b6b:testIamPermissions  x-goog-user-project=soccer-app-52b6b
[debug] [2026-06-14T19:29:13.653Z] >>> [apiv2][body] POST https://cloudresourcemanager.googleapis.com/v1/projects/soccer-app-52b6b:testIamPermissions {"permissions":["firebase.projects.get","firebaseextensions.instances.list"]}
[debug] [2026-06-14T19:29:14.655Z] <<< [apiv2][status] POST https://cloudresourcemanager.googleapis.com/v1/projects/soccer-app-52b6b:testIamPermissions 200
[debug] [2026-06-14T19:29:14.656Z] <<< [apiv2][body] POST https://cloudresourcemanager.googleapis.com/v1/projects/soccer-app-52b6b:testIamPermissions {"permissions":["firebase.projects.get","firebaseextensions.instances.list"]}
[debug] [2026-06-14T19:29:14.656Z] Checked if tokens are valid: true, expires at: 1781468943076
[debug] [2026-06-14T19:29:14.656Z] Checked if tokens are valid: true, expires at: 1781468943076
[debug] [2026-06-14T19:29:14.657Z] >>> [apiv2][query] GET https://firebaseextensions.googleapis.com/v1beta/projects/soccer-app-52b6b/instances pageSize=100&pageToken=
[debug] [2026-06-14T19:29:15.792Z] <<< [apiv2][status] GET https://firebaseextensions.googleapis.com/v1beta/projects/soccer-app-52b6b/instances 200
[debug] [2026-06-14T19:29:15.792Z] <<< [apiv2][body] GET https://firebaseextensions.googleapis.com/v1beta/projects/soccer-app-52b6b/instances {}
[debug] [2026-06-14T19:29:15.793Z] Checked if tokens are valid: true, expires at: 1781468943076
[debug] [2026-06-14T19:29:15.793Z] Checked if tokens are valid: true, expires at: 1781468943076
[debug] [2026-06-14T19:29:15.793Z] >>> [apiv2][query] GET https://secretmanager.googleapis.com/v1/projects/soccer-app-52b6b/secrets/ASC_P8 [none]
[debug] [2026-06-14T19:29:16.498Z] <<< [apiv2][status] GET https://secretmanager.googleapis.com/v1/projects/soccer-app-52b6b/secrets/ASC_P8 200
[debug] [2026-06-14T19:29:16.498Z] <<< [apiv2][body] GET https://secretmanager.googleapis.com/v1/projects/soccer-app-52b6b/secrets/ASC_P8 {"name":"projects/559368532219/secrets/ASC_P8","replication":{"automatic":{}},"createTime":"2026-06-03T18:26:28.796084Z","labels":{"firebase-managed":"functions"},"etag":"\"16535d90f3f18b\""}
[debug] [2026-06-14T19:29:16.498Z] Checked if tokens are valid: true, expires at: 1781468943076
[debug] [2026-06-14T19:29:16.498Z] Checked if tokens are valid: true, expires at: 1781468943076
[debug] [2026-06-14T19:29:16.498Z] >>> [apiv2][query] GET https://secretmanager.googleapis.com/v1/projects/soccer-app-52b6b/secrets/ASC_P8/versions/latest [none]
[debug] [2026-06-14T19:29:16.711Z] <<< [apiv2][status] GET https://secretmanager.googleapis.com/v1/projects/soccer-app-52b6b/secrets/ASC_P8/versions/latest 200
[debug] [2026-06-14T19:29:16.712Z] <<< [apiv2][body] GET https://secretmanager.googleapis.com/v1/projects/soccer-app-52b6b/secrets/ASC_P8/versions/latest {"name":"projects/559368532219/secrets/ASC_P8/versions/1","createTime":"2026-06-03T18:26:30.773700Z","state":"ENABLED","replicationStatus":{"automatic":{}},"etag":"\"16535d910b6fc4\""}
[debug] [2026-06-14T19:29:16.712Z] Checked if tokens are valid: true, expires at: 1781468943076
[debug] [2026-06-14T19:29:16.712Z] Checked if tokens are valid: true, expires at: 1781468943076
[debug] [2026-06-14T19:29:16.712Z] >>> [apiv2][query] GET https://secretmanager.googleapis.com/v1/projects/soccer-app-52b6b/secrets/PLAY_SA [none]
[debug] [2026-06-14T19:29:16.992Z] <<< [apiv2][status] GET https://secretmanager.googleapis.com/v1/projects/soccer-app-52b6b/secrets/PLAY_SA 200
[debug] [2026-06-14T19:29:16.992Z] <<< [apiv2][body] GET https://secretmanager.googleapis.com/v1/projects/soccer-app-52b6b/secrets/PLAY_SA {"name":"projects/559368532219/secrets/PLAY_SA","replication":{"automatic":{}},"createTime":"2026-06-03T18:26:35.022962Z","labels":{"firebase-managed":"functions"},"etag":"\"16535d9152d316\""}
[debug] [2026-06-14T19:29:16.992Z] Checked if tokens are valid: true, expires at: 1781468943076
[debug] [2026-06-14T19:29:16.992Z] Checked if tokens are valid: true, expires at: 1781468943076
[debug] [2026-06-14T19:29:16.992Z] >>> [apiv2][query] GET https://secretmanager.googleapis.com/v1/projects/soccer-app-52b6b/secrets/PLAY_SA/versions/latest [none]
[debug] [2026-06-14T19:29:17.316Z] <<< [apiv2][status] GET https://secretmanager.googleapis.com/v1/projects/soccer-app-52b6b/secrets/PLAY_SA/versions/latest 200
[debug] [2026-06-14T19:29:17.316Z] <<< [apiv2][body] GET https://secretmanager.googleapis.com/v1/projects/soccer-app-52b6b/secrets/PLAY_SA/versions/latest {"name":"projects/559368532219/secrets/PLAY_SA/versions/1","createTime":"2026-06-03T18:26:36.678898Z","state":"ENABLED","replicationStatus":{"automatic":{}},"etag":"\"16535d91658af2\""}
[info] i  functions: preparing functions directory for uploading... 
[info] i  functions: packaged /Users/matan/Projects/soccer/functions (606.7 KB) for uploading 
[debug] [2026-06-14T19:29:17.388Z] Checked if tokens are valid: true, expires at: 1781468943076
[debug] [2026-06-14T19:29:17.388Z] Checked if tokens are valid: true, expires at: 1781468943076
[debug] [2026-06-14T19:29:17.389Z] >>> [apiv2][query] GET https://cloudfunctions.googleapis.com/v1/projects/soccer-app-52b6b/locations/-/functions [none]
[debug] [2026-06-14T19:29:18.341Z] <<< [apiv2][status] GET https://cloudfunctions.googleapis.com/v1/projects/soccer-app-52b6b/locations/-/functions 200
[debug] [2026-06-14T19:29:18.341Z] <<< [apiv2][body] GET https://cloudfunctions.googleapis.com/v1/projects/soccer-app-52b6b/locations/-/functions {}
[debug] [2026-06-14T19:29:18.341Z] Checked if tokens are valid: true, expires at: 1781468943076
[debug] [2026-06-14T19:29:18.341Z] Checked if tokens are valid: true, expires at: 1781468943076
[debug] [2026-06-14T19:29:18.342Z] >>> [apiv2][query] GET https://cloudfunctions.googleapis.com/v2/projects/soccer-app-52b6b/locations/-/functions filter=environment%3D%22GEN_2%22
[debug] [2026-06-14T19:29:19.525Z] <<< [apiv2][status] GET https://cloudfunctions.googleapis.com/v2/projects/soccer-app-52b6b/locations/-/functions 200
[debug] [2026-06-14T19:29:19.526Z] <<< [apiv2][body] GET https://cloudfunctions.googleapis.com/v2/projects/soccer-app-52b6b/locations/-/functions {"functions":[{"name":"projects/soccer-app-52b6b/locations/us-central1/functions/sendGameInvite","buildConfig":{"build":"projects/559368532219/locations/us-central1/builds/344697fb-7387-4c73-a54e-40095af94330","runtime":"nodejs20","entryPoint":"sendGameInvite","source":{"storageSource":{"bucket":"gcf-v2-sources-559368532219-us-central1","object":"sendGameInvite/function-source.zip","generation":"1781125743205607"}},"environmentVariables":{"GOOGLE_NODE_RUN_SCRIPTS":""},"dockerRepository":"projects/soccer-app-52b6b/locations/us-central1/repositories/gcf-artifacts","sourceProvenance":{"resolvedStorageSource":{"bucket":"gcf-v2-sources-559368532219-us-central1","object":"sendGameInvite/function-source.zip","generation":"1781125743205607"}},"dockerRegistry":"ARTIFACT_REGISTRY","serviceAccount":"projects/soccer-app-52b6b/serviceAccounts/559368532219-compute@developer.gserviceaccount.com","automaticUpdatePolicy":{}},"serviceConfig":{"service":"projects/soccer-app-52b6b/locations/us-central1/services/sendgameinvite","timeoutSeconds":60,"environmentVariables":{"FIREBASE_CONFIG":"{\"projectId\":\"soccer-app-52b6b\",\"storageBucket\":\"soccer-app-52b6b.firebasestorage.app\"}","GCLOUD_PROJECT":"soccer-app-52b6b","EVENTARC_CLOUD_EVENT_SOURCE":"projects/soccer-app-52b6b/locations/us-central1/services/sendGameInvite","FUNCTION_TARGET":"sendGameInvite","LOG_EXECUTION_ID":"true","FUNCTION_SIGNATURE_TYPE":"http"},"maxInstanceCount":10,"ingressSettings":"ALLOW_ALL","uri":"https://sendgameinvite-kqbqmfcrmq-uc.a.run.app","serviceAccountEmail":"559368532219-compute@developer.gserviceaccount.com","availableMemory":"256Mi","allTrafficOnLatestRevision":true,"revision":"sendgameinvite-00011-fem","maxInstanceRequestConcurrency":80,"availableCpu":"1"},"state":"ACTIVE","updateTime":"2026-06-10T21:09:47.476749224Z","labels":{"deployment-callable":"true","firebase-functions-hash":"58bc90fba7d8efde8b8e46c871470bb8ba4e87a1","deployment-tool":"cli-firebase"},"environment":"GEN_2","url":"https://us-central1-soccer-app-52b6b.cloudfunctions.net/sendGameInvite","createTime":"2026-05-07T08:09:34.976202998Z","satisfiesPzi":true},{"name":"projects/soccer-app-52b6b/locations/us-central1/functions/createGroupCallable","buildConfig":{"build":"projects/559368532219/locations/us-central1/builds/344697fb-7387-4c73-a54e-40095af94330","runtime":"nodejs20","entryPoint":"createGroupCallable","source":{"storageSource":{"bucket":"gcf-v2-sources-559368532219-us-central1","object":"createGroupCallable/function-source.zip","generation":"1781125743087977"}},"environmentVariables":{"GOOGLE_NODE_RUN_SCRIPTS":""},"dockerRepository":"projects/soccer-app-52b6b/locations/us-central1/repositories/gcf-artifacts","sourceProvenance":{"resolvedStorageSource":{"bucket":"gcf-v2-sources-559368532219-us-central1","object":"createGroupCallable/function-source.zip","generation":"1781125743087977"}},"dockerRegistry":"ARTIFACT_REGISTRY","serviceAccount":"projects/soccer-app-52b6b/serviceAccounts/559368532219-compute@developer.gserviceaccount.com","automaticUpdatePolicy":{}},"serviceConfig":{"service":"projects/soccer-app-52b6b/locations/us-central1/services/creategroupcallable","timeoutSeconds":60,"environmentVariables":{"FIREBASE_CONFIG":"{\"projectId\":\"soccer-app-52b6b\",\"storageBucket\":\"soccer-app-52b6b.firebasestorage.app\"}","GCLOUD_PROJECT":"soccer-app-52b6b","EVENTARC_CLOUD_EVENT_SOURCE":"projects/soccer-app-52b6b/locations/us-central1/services/createGroupCallable","FUNCTION_TARGET":"createGroupCallable","LOG_EXECUTION_ID":"true","FUNCTION_SIGNATURE_TYPE":"http"},"maxInstanceCount":10,"ingressSettings":"ALLOW_ALL","uri":"https://creategroupcallable-kqbqmfcrmq-uc.a.run.app","serviceAccountEmail":"559368532219-compute@developer.gserviceaccount.com","availableMemory":"256Mi","allTrafficOnLatestRevision":true,"revision":"creategroupcallable-00010-lej","maxInstanceRequestConcurrency":80,"availableCpu":"1"},"state":"ACTIVE","updateTime":"2026-06-10T21:09:42.944081351Z","labels":{"deployment-callable":"true","firebase-functions-hash":"58bc90fba7d8efde8b8e46c871470bb8ba4e87a1","deployment-tool":"cli-firebase"},"environment":"GEN_2","url":"https://us-central1-soccer-app-52b6b.cloudfunctions.net/createGroupCallable","createTime":"2026-05-08T06:54:16.174893624Z","satisfiesPzi":true},{"name":"projects/soccer-app-52b6b/locations/us-central1/functions/inviteFriendsToGroup","buildConfig":{"build":"projects/559368532219/locations/us-central1/builds/344697fb-7387-4c73-a54e-40095af94330","runtime":"nodejs20","entryPoint":"inviteFriendsToGroup","source":{"storageSource":{"bucket":"gcf-v2-sources-559368532219-us-central1","object":"inviteFriendsToGroup/function-source.zip","generation":"1781125743232511"}},"environmentVariables":{"GOOGLE_NODE_RUN_SCRIPTS":""},"dockerRepository":"projects/soccer-app-52b6b/locations/us-central1/repositories/gcf-artifacts","sourceProvenance":{"resolvedStorageSource":{"bucket":"gcf-v2-sources-559368532219-us-central1","object":"inviteFriendsToGroup/function-source.zip","generation":"1781125743232511"}},"dockerRegistry":"ARTIFACT_REGISTRY","serviceAccount":"projects/soccer-app-52b6b/serviceAccounts/559368532219-compute@developer.gserviceaccount.com","automaticUpdatePolicy":{}},"serviceConfig":{"service":"projects/soccer-app-52b6b/locations/us-central1/services/invitefriendstogroup","timeoutSeconds":60,"environmentVariables":{"FIREBASE_CONFIG":"{\"projectId\":\"soccer-app-52b6b\",\"storageBucket\":\"soccer-app-52b6b.firebasestorage.app\"}","GCLOUD_PROJECT":"soccer-app-52b6b","EVENTARC_CLOUD_EVENT_SOURCE":"projects/soccer-app-52b6b/locations/us-central1/services/inviteFriendsToGroup","FUNCTION_TARGET":"inviteFriendsToGroup","LOG_EXECUTION_ID":"true","FUNCTION_SIGNATURE_TYPE":"http"},"maxInstanceCount":10,"ingressSettings":"ALLOW_ALL","uri":"https://invitefriendstogroup-kqbqmfcrmq-uc.a.run.app","serviceAccountEmail":"559368532219-compute@developer.gserviceaccount.com","availableMemory":"256Mi","allTrafficOnLatestRevision":true,"revision":"invitefriendstogroup-00004-xif","maxInstanceRequestConcurrency":80,"availableCpu":"1"},"state":"ACTIVE","updateTime":"2026-06-10T21:09:41.389779946Z","labels":{"deployment-tool":"cli-firebase","deployment-callable":"true","firebase-functions-hash":"58bc90fba7d8efde8b8e46c871470bb8ba4e87a1"},"environment":"GEN_2","url":"https://us-central1-soccer-app-52b6b.cloudfunctions.net/inviteFriendsToGroup","createTime":"2026-05-26T10:50:12.310801992Z","satisfiesPzi":true},{"name":"projects/soccer-app-52b6b/locations/us-central1/functions/onVoteWrittenLegacy","buildConfig":{"build":"projects/559368532219/locations/us-central1/builds/344697fb-7387-4c73-a54e-40095af94330","runtime":"nodejs20","entryPoint":"onVoteWrittenLegacy","source":{"storageSource":{"bucket":"gcf-v2-sources-559368532219-us-central1","object":"onVoteWrittenLegacy/function-source.zip","generation":"1781125743323471"}},"environmentVariables":{"GOOGLE_NODE_RUN_SCRIPTS":""},"dockerRepository":"projects/soccer-app-52b6b/locations/us-central1/repositories/gcf-artifacts","sourceProvenance":{"resolvedStorageSource":{"bucket":"gcf-v2-sources-559368532219-us-central1","object":"onVoteWrittenLegacy/function-source.zip","generation":"1781125743323471"}},"dockerRegistry":"ARTIFACT_REGISTRY","serviceAccount":"projects/soccer-app-52b6b/serviceAccounts/559368532219-compute@developer.gserviceaccount.com","automaticUpdatePolicy":{}},"serviceConfig":{"service":"projects/soccer-app-52b6b/locations/us-central1/services/onvotewrittenlegacy","timeoutSeconds":60,"environmentVariables":{"FIREBASE_CONFIG":"{\"projectId\":\"soccer-app-52b6b\",\"storageBucket\":\"soccer-app-52b6b.firebasestorage.app\"}","GCLOUD_PROJECT":"soccer-app-52b6b","EVENTARC_CLOUD_EVENT_SOURCE":"projects/soccer-app-52b6b/locations/us-central1/services/onVoteWrittenLegacy","FUNCTION_SIGNATURE_TYPE":"cloudevent","FUNCTION_TARGET":"onVoteWrittenLegacy","LOG_EXECUTION_ID":"true"},"maxInstanceCount":10,"ingressSettings":"ALLOW_ALL","uri":"https://onvotewrittenlegacy-kqbqmfcrmq-uc.a.run.app","serviceAccountEmail":"559368532219-compute@developer.gserviceaccount.com","availableMemory":"256Mi","allTrafficOnLatestRevision":true,"revision":"onvotewrittenlegacy-00002-qac","maxInstanceRequestConcurrency":80,"availableCpu":"1"},"eventTrigger":{"trigger":"projects/soccer-app-52b6b/locations/eur3/triggers/onvotewrittenlegacy-022673","triggerRegion":"eur3","eventType":"google.cloud.firestore.document.v1.written","eventFilters":[{"attribute":"document","value":"groups/{groupId}/ratings/{ratedUserId}/votes/{raterUserId}","operator":"match-path-pattern"},{"attribute":"database","value":"(default)"},{"attribute":"namespace","value":"(default)"}],"pubsubTopic":"projects/soccer-app-52b6b/topics/eventarc-eur3-onvotewrittenlegacy-022673-741","serviceAccountEmail":"559368532219-compute@developer.gserviceaccount.com","retryPolicy":"RETRY_POLICY_DO_NOT_RETRY"},"state":"ACTIVE","updateTime":"2026-06-10T21:09:42.005913295Z","labels":{"firebase-functions-hash":"58bc90fba7d8efde8b8e46c871470bb8ba4e87a1","deployment-tool":"cli-firebase"},"environment":"GEN_2","url":"https://us-central1-soccer-app-52b6b.cloudfunctions.net/onVoteWrittenLegacy","createTime":"2026-06-10T11:25:20.020371243Z","satisfiesPzi":true},{"name":"projects/soccer-app-52b6b/locations/us-central1/functions/notifyPlayerCancelled","buildConfig":{"build":"projects/559368532219/locations/us-central1/builds/344697fb-7387-4c73-a54e-40095af94330","runtime":"nodejs20","entryPoint":"notifyPlayerCancelled","source":{"storageSource":{"bucket":"gcf-v2-sources-559368532219-us-central1","object":"notifyPlayerCancelled/function-source.zip","generation":"1781125743361024"}},"environmentVariables":{"GOOGLE_NODE_RUN_SCRIPTS":""},"dockerRepository":"projects/soccer-app-52b6b/locations/us-central1/repositories/gcf-artifacts","sourceProvenance":{"resolvedStorageSource":{"bucket":"gcf-v2-sources-559368532219-us-central1","object":"notifyPlayerCancelled/function-source.zip","generation":"1781125743361024"}},"dockerRegistry":"ARTIFACT_REGISTRY","serviceAccount":"projects/soccer-app-52b6b/serviceAccounts/559368532219-compute@developer.gserviceaccount.com","automaticUpdatePolicy":{}},"serviceConfig":{"service":"projects/soccer-app-52b6b/locations/us-central1/services/notifyplayercancelled","timeoutSeconds":60,"environmentVariables":{"FIREBASE_CONFIG":"{\"projectId\":\"soccer-app-52b6b\",\"storageBucket\":\"soccer-app-52b6b.firebasestorage.app\"}","GCLOUD_PROJECT":"soccer-app-52b6b","EVENTARC_CLOUD_EVENT_SOURCE":"projects/soccer-app-52b6b/locations/us-central1/services/notifyPlayerCancelled","FUNCTION_TARGET":"notifyPlayerCancelled","LOG_EXECUTION_ID":"true","FUNCTION_SIGNATURE_TYPE":"http"},"maxInstanceCount":10,"ingressSettings":"ALLOW_ALL","uri":"https://notifyplayercancelled-kqbqmfcrmq-uc.a.run.app","serviceAccountEmail":"559368532219-compute@developer.gserviceaccount.com","availableMemory":"256Mi","allTrafficOnLatestRevision":true,"revision":"notifyplayercancelled-00009-dat","maxInstanceRequestConcurrency":80,"availableCpu":"1"},"state":"ACTIVE","updateTime":"2026-06-10T21:09:43.176205499Z","labels":{"firebase-functions-hash":"58bc90fba7d8efde8b8e46c871470bb8ba4e87a1","deployment-tool":"cli-firebase","deployment-callable":"true"},"environment":"GEN_2","url":"https://us-central1-soccer-app-52b6b.cloudfunctions.net/notifyPlayerCancelled","createTime":"2026-05-10T04:13:06.869993224Z","satisfiesPzi":true},{"name":"projects/soccer-app-52b6b/locations/us-central1/functions/onGameJoinedAlert","buildConfig":{"build":"projects/559368532219/locations/us-central1/builds/344697fb-7387-4c73-a54e-40095af94330","runtime":"nodejs20","entryPoint":"onGameJoinedAlert","source":{"storageSource":{"bucket":"gcf-v2-sources-559368532219-us-central1","object":"onGameJoinedAlert/function-source.zip","generation":"1781125743315787"}},"environmentVariables":{"GOOGLE_NODE_RUN_SCRIPTS":""},"dockerRepository":"projects/soccer-app-52b6b/locations/us-central1/repositories/gcf-artifacts","sourceProvenance":{"resolvedStorageSource":{"bucket":"gcf-v2-sources-559368532219-us-central1","object":"onGameJoinedAlert/function-source.zip","generation":"1781125743315787"}},"dockerRegistry":"ARTIFACT_REGISTRY","serviceAccount":"projects/soccer-app-52b6b/serviceAccounts/559368532219-compute@developer.gserviceaccount.com","automaticUpdatePolicy":{}},"serviceConfig":{"service":"projects/soccer-app-52b6b/locations/us-central1/services/ongamejoinedalert","timeoutSeconds":60,"environmentVariables":{"FIREBASE_CONFIG":"{\"projectId\":\"soccer-app-52b6b\",\"storageBucket\":\"soccer-app-52b6b.firebasestorage.app\"}","GCLOUD_PROJECT":"soccer-app-52b6b","EVENTARC_CLOUD_EVENT_SOURCE":"projects/soccer-app-52b6b/locations/us-central1/services/onGameJoinedAlert","FUNCTION_SIGNATURE_TYPE":"cloudevent","FUNCTION_TARGET":"onGameJoinedAlert","LOG_EXECUTION_ID":"true"},"maxInstanceCount":10,"ingressSettings":"ALLOW_ALL","uri":"https://ongamejoinedalert-kqbqmfcrmq-uc.a.run.app","serviceAccountEmail":"559368532219-compute@developer.gserviceaccount.com","availableMemory":"256Mi","allTrafficOnLatestRevision":true,"revision":"ongamejoinedalert-00002-rag","maxInstanceRequestConcurrency":80,"availableCpu":"1"},"eventTrigger":{"trigger":"projects/soccer-app-52b6b/locations/eur3/triggers/ongamejoinedalert-004866","triggerRegion":"eur3","eventType":"google.cloud.firestore.document.v1.updated","eventFilters":[{"attribute":"namespace","value":"(default)"},{"attribute":"document","value":"games/{id}","operator":"match-path-pattern"},{"attribute":"database","value":"(default)"}],"pubsubTopic":"projects/soccer-app-52b6b/topics/eventarc-eur3-ongamejoinedalert-004866-246","serviceAccountEmail":"559368532219-compute@developer.gserviceaccount.com","retryPolicy":"RETRY_POLICY_DO_NOT_RETRY"},"state":"ACTIVE","updateTime":"2026-06-10T21:09:48.688901611Z","labels":{"deployment-tool":"cli-firebase","firebase-functions-hash":"58bc90fba7d8efde8b8e46c871470bb8ba4e87a1"},"environment":"GEN_2","url":"https://us-central1-soccer-app-52b6b.cloudfunctions.net/onGameJoinedAlert","createTime":"2026-06-05T09:32:13.102813631Z","satisfiesPzi":true},{"name":"projects/soccer-app-52b6b/locations/us-central1/functions/promoteOrphanToGroup","buildConfig":{"build":"projects/559368532219/locations/us-central1/builds/344697fb-7387-4c73-a54e-40095af94330","runtime":"nodejs20","entryPoint":"promoteOrphanToGroup","source":{"storageSource":{"bucket":"gcf-v2-sources-559368532219-us-central1","object":"promoteOrphanToGroup/function-source.zip","generation":"1781125743191170"}},"environmentVariables":{"GOOGLE_NODE_RUN_SCRIPTS":""},"dockerRepository":"projects/soccer-app-52b6b/locations/us-central1/repositories/gcf-artifacts","sourceProvenance":{"resolvedStorageSource":{"bucket":"gcf-v2-sources-559368532219-us-central1","object":"promoteOrphanToGroup/function-source.zip","generation":"1781125743191170"}},"dockerRegistry":"ARTIFACT_REGISTRY","serviceAccount":"projects/soccer-app-52b6b/serviceAccounts/559368532219-compute@developer.gserviceaccount.com","automaticUpdatePolicy":{}},"serviceConfig":{"service":"projects/soccer-app-52b6b/locations/us-central1/services/promoteorphantogroup","timeoutSeconds":60,"environmentVariables":{"FIREBASE_CONFIG":"{\"projectId\":\"soccer-app-52b6b\",\"storageBucket\":\"soccer-app-52b6b.firebasestorage.app\"}","GCLOUD_PROJECT":"soccer-app-52b6b","EVENTARC_CLOUD_EVENT_SOURCE":"projects/soccer-app-52b6b/locations/us-central1/services/promoteOrphanToGroup","FUNCTION_TARGET":"promoteOrphanToGroup","LOG_EXECUTION_ID":"true","FUNCTION_SIGNATURE_TYPE":"http"},"maxInstanceCount":10,"ingressSettings":"ALLOW_ALL","uri":"https://promoteorphantogroup-kqbqmfcrmq-uc.a.run.app","serviceAccountEmail":"559368532219-compute@developer.gserviceaccount.com","availableMemory":"256Mi","allTrafficOnLatestRevision":true,"revision":"promoteorphantogroup-00009-qit","maxInstanceRequestConcurrency":80,"availableCpu":"1"},"state":"ACTIVE","updateTime":"2026-06-10T21:09:46.596550950Z","labels":{"deployment-tool":"cli-firebase","deployment-callable":"true","firebase-functions-hash":"58bc90fba7d8efde8b8e46c871470bb8ba4e87a1"},"environment":"GEN_2","url":"https://us-central1-soccer-app-52b6b.cloudfunctions.net/promoteOrphanToGroup","createTime":"2026-05-10T04:13:06.872665563Z","satisfiesPzi":true},{"name":"projects/soccer-app-52b6b/locations/us-central1/functions/submitFillerInterest","buildConfig":{"build":"projects/559368532219/locations/us-central1/builds/344697fb-7387-4c73-a54e-40095af94330","runtime":"nodejs20","entryPoint":"submitFillerInterest","source":{"storageSource":{"bucket":"gcf-v2-sources-559368532219-us-central1","object":"submitFillerInterest/function-source.zip","generation":"1781125743170815"}},"environmentVariables":{"GOOGLE_NODE_RUN_SCRIPTS":""},"dockerRepository":"projects/soccer-app-52b6b/locations/us-central1/repositories/gcf-artifacts","sourceProvenance":{"resolvedStorageSource":{"bucket":"gcf-v2-sources-559368532219-us-central1","object":"submitFillerInterest/function-source.zip","generation":"1781125743170815"}},"dockerRegistry":"ARTIFACT_REGISTRY","serviceAccount":"projects/soccer-app-52b6b/serviceAccounts/559368532219-compute@developer.gserviceaccount.com","automaticUpdatePolicy":{}},"serviceConfig":{"service":"projects/soccer-app-52b6b/locations/us-central1/services/submitfillerinterest","timeoutSeconds":60,"environmentVariables":{"FIREBASE_CONFIG":"{\"projectId\":\"soccer-app-52b6b\",\"storageBucket\":\"soccer-app-52b6b.firebasestorage.app\"}","GCLOUD_PROJECT":"soccer-app-52b6b","EVENTARC_CLOUD_EVENT_SOURCE":"projects/soccer-app-52b6b/locations/us-central1/services/submitFillerInterest","FUNCTION_TARGET":"submitFillerInterest","LOG_EXECUTION_ID":"true","FUNCTION_SIGNATURE_TYPE":"http"},"maxInstanceCount":10,"ingressSettings":"ALLOW_ALL","uri":"https://submitfillerinterest-kqbqmfcrmq-uc.a.run.app","serviceAccountEmail":"559368532219-compute@developer.gserviceaccount.com","availableMemory":"256Mi","allTrafficOnLatestRevision":true,"revision":"submitfillerinterest-00010-mok","maxInstanceRequestConcurrency":80,"availableCpu":"1"},"state":"ACTIVE","updateTime":"2026-06-10T21:09:42.755840841Z","labels":{"deployment-callable":"true","firebase-functions-hash":"58bc90fba7d8efde8b8e46c871470bb8ba4e87a1","deployment-tool":"cli-firebase"},"environment":"GEN_2","url":"https://us-central1-soccer-app-52b6b.cloudfunctions.net/submitFillerInterest","createTime":"2026-05-09T09:20:47.448880774Z","satisfiesPzi":true},{"name":"projects/soccer-app-52b6b/locations/us-central1/functions/onFeedbackSubmitted","buildConfig":{"build":"projects/559368532219/locations/us-central1/builds/344697fb-7387-4c73-a54e-40095af94330","runtime":"nodejs20","entryPoint":"onFeedbackSubmitted","source":{"storageSource":{"bucket":"gcf-v2-sources-559368532219-us-central1","object":"onFeedbackSubmitted/function-source.zip","generation":"1781125743368026"}},"environmentVariables":{"GOOGLE_NODE_RUN_SCRIPTS":""},"dockerRepository":"projects/soccer-app-52b6b/locations/us-central1/repositories/gcf-artifacts","sourceProvenance":{"resolvedStorageSource":{"bucket":"gcf-v2-sources-559368532219-us-central1","object":"onFeedbackSubmitted/function-source.zip","generation":"1781125743368026"}},"dockerRegistry":"ARTIFACT_REGISTRY","serviceAccount":"projects/soccer-app-52b6b/serviceAccounts/559368532219-compute@developer.gserviceaccount.com","automaticUpdatePolicy":{}},"serviceConfig":{"service":"projects/soccer-app-52b6b/locations/us-central1/services/onfeedbacksubmitted","timeoutSeconds":60,"environmentVariables":{"FIREBASE_CONFIG":"{\"projectId\":\"soccer-app-52b6b\",\"storageBucket\":\"soccer-app-52b6b.firebasestorage.app\"}","GCLOUD_PROJECT":"soccer-app-52b6b","EVENTARC_CLOUD_EVENT_SOURCE":"projects/soccer-app-52b6b/locations/us-central1/services/onFeedbackSubmitted","FUNCTION_SIGNATURE_TYPE":"cloudevent","FUNCTION_TARGET":"onFeedbackSubmitted","LOG_EXECUTION_ID":"true"},"maxInstanceCount":10,"ingressSettings":"ALLOW_ALL","uri":"https://onfeedbacksubmitted-kqbqmfcrmq-uc.a.run.app","serviceAccountEmail":"559368532219-compute@developer.gserviceaccount.com","availableMemory":"256Mi","allTrafficOnLatestRevision":true,"revision":"onfeedbacksubmitted-00004-fuf","maxInstanceRequestConcurrency":80,"availableCpu":"1"},"eventTrigger":{"trigger":"projects/soccer-app-52b6b/locations/eur3/triggers/onfeedbacksubmitted-866813","triggerRegion":"eur3","eventType":"google.cloud.firestore.document.v1.created","eventFilters":[{"attribute":"database","value":"(default)"},{"attribute":"namespace","value":"(default)"},{"attribute":"document","value":"feedback/{id}","operator":"match-path-pattern"}],"pubsubTopic":"projects/soccer-app-52b6b/topics/eventarc-eur3-onfeedbacksubmitted-866813-504","serviceAccountEmail":"559368532219-compute@developer.gserviceaccount.com","retryPolicy":"RETRY_POLICY_DO_NOT_RETRY"},"state":"ACTIVE","updateTime":"2026-06-10T21:09:44.407584232Z","labels":{"deployment-tool":"cli-firebase","firebase-functions-hash":"58bc90fba7d8efde8b8e46c871470bb8ba4e87a1"},"environment":"GEN_2","url":"https://us-central1-soccer-app-52b6b.cloudfunctions.net/onFeedbackSubmitted","createTime":"2026-06-03T18:36:16.470992265Z","satisfiesPzi":true},{"name":"projects/soccer-app-52b6b/locations/us-central1/functions/cronEvery15Min","buildConfig":{"build":"projects/559368532219/locations/us-central1/builds/344697fb-7387-4c73-a54e-40095af94330","runtime":"nodejs20","entryPoint":"cronEvery15Min","source":{"storageSource":{"bucket":"gcf-v2-sources-559368532219-us-central1","object":"cronEvery15Min/function-source.zip","generation":"1781125743128019"}},"environmentVariables":{"GOOGLE_NODE_RUN_SCRIPTS":""},"dockerRepository":"projects/soccer-app-52b6b/locations/us-central1/repositories/gcf-artifacts","sourceProvenance":{"resolvedStorageSource":{"bucket":"gcf-v2-sources-559368532219-us-central1","object":"cronEvery15Min/function-source.zip","generation":"1781125743128019"}},"dockerRegistry":"ARTIFACT_REGISTRY","serviceAccount":"projects/soccer-app-52b6b/serviceAccounts/559368532219-compute@developer.gserviceaccount.com","automaticUpdatePolicy":{}},"serviceConfig":{"service":"projects/soccer-app-52b6b/locations/us-central1/services/cronevery15min","timeoutSeconds":540,"environmentVariables":{"FIREBASE_CONFIG":"{\"projectId\":\"soccer-app-52b6b\",\"storageBucket\":\"soccer-app-52b6b.firebasestorage.app\"}","GCLOUD_PROJECT":"soccer-app-52b6b","EVENTARC_CLOUD_EVENT_SOURCE":"projects/soccer-app-52b6b/locations/us-central1/services/cronEvery15Min","FUNCTION_TARGET":"cronEvery15Min","LOG_EXECUTION_ID":"true","FUNCTION_SIGNATURE_TYPE":"http"},"maxInstanceCount":10,"ingressSettings":"ALLOW_ALL","uri":"https://cronevery15min-kqbqmfcrmq-uc.a.run.app","serviceAccountEmail":"559368532219-compute@developer.gserviceaccount.com","availableMemory":"512Mi","allTrafficOnLatestRevision":true,"secretEnvironmentVariables":[{"key":"ASC_P8","projectId":"soccer-app-52b6b","secret":"ASC_P8","version":"1"},{"key":"PLAY_SA","projectId":"soccer-app-52b6b","secret":"PLAY_SA","version":"1"}],"revision":"cronevery15min-00007-muq","maxInstanceRequestConcurrency":80,"availableCpu":"1"},"state":"ACTIVE","updateTime":"2026-06-10T21:09:43.616883262Z","labels":{"deployment-tool":"cli-firebase","deployment-scheduled":"true","firebase-functions-hash":"589474ab8e82968bec19e41d92aca8204a59ef6d"},"environment":"GEN_2","url":"https://us-central1-soccer-app-52b6b.cloudfunctions.net/cronEvery15Min","createTime":"2026-06-01T18:32:34.227836827Z","satisfiesPzi":true},{"name":"projects/soccer-app-52b6b/locations/us-central1/functions/updateAppConfig","buildConfig":{"build":"projects/559368532219/locations/us-central1/builds/344697fb-7387-4c73-a54e-40095af94330","runtime":"nodejs20","entryPoint":"updateAppConfig","source":{"storageSource":{"bucket":"gcf-v2-sources-559368532219-us-central1","object":"updateAppConfig/function-source.zip","generation":"1781125743069405"}},"environmentVariables":{"GOOGLE_NODE_RUN_SCRIPTS":""},"dockerRepository":"projects/soccer-app-52b6b/locations/us-central1/repositories/gcf-artifacts","sourceProvenance":{"resolvedStorageSource":{"bucket":"gcf-v2-sources-559368532219-us-central1","object":"updateAppConfig/function-source.zip","generation":"1781125743069405"}},"dockerRegistry":"ARTIFACT_REGISTRY","serviceAccount":"projects/soccer-app-52b6b/serviceAccounts/559368532219-compute@developer.gserviceaccount.com","automaticUpdatePolicy":{}},"serviceConfig":{"service":"projects/soccer-app-52b6b/locations/us-central1/services/updateappconfig","timeoutSeconds":60,"environmentVariables":{"FIREBASE_CONFIG":"{\"projectId\":\"soccer-app-52b6b\",\"storageBucket\":\"soccer-app-52b6b.firebasestorage.app\"}","GCLOUD_PROJECT":"soccer-app-52b6b","EVENTARC_CLOUD_EVENT_SOURCE":"projects/soccer-app-52b6b/locations/us-central1/services/updateAppConfig","FUNCTION_TARGET":"updateAppConfig","LOG_EXECUTION_ID":"true","FUNCTION_SIGNATURE_TYPE":"http"},"maxInstanceCount":10,"ingressSettings":"ALLOW_ALL","uri":"https://updateappconfig-kqbqmfcrmq-uc.a.run.app","serviceAccountEmail":"559368532219-compute@developer.gserviceaccount.com","availableMemory":"256Mi","allTrafficOnLatestRevision":true,"revision":"updateappconfig-00010-goj","maxInstanceRequestConcurrency":80,"availableCpu":"1"},"state":"ACTIVE","updateTime":"2026-06-10T21:09:42.364268082Z","labels":{"deployment-callable":"true","firebase-functions-hash":"58bc90fba7d8efde8b8e46c871470bb8ba4e87a1","deployment-tool":"cli-firebase"},"environment":"GEN_2","url":"https://us-central1-soccer-app-52b6b.cloudfunctions.net/updateAppConfig","createTime":"2026-05-08T06:53:12.674187922Z","satisfiesPzi":true},{"name":"projects/soccer-app-52b6b/locations/us-central1/functions/flushPendingJoinerNotifsTask","buildConfig":{"build":"projects/559368532219/locations/us-central1/builds/344697fb-7387-4c73-a54e-40095af94330","runtime":"nodejs20","entryPoint":"flushPendingJoinerNotifsTask","source":{"storageSource":{"bucket":"gcf-v2-sources-559368532219-us-central1","object":"flushPendingJoinerNotifsTask/function-source.zip","generation":"1781125742605409"}},"environmentVariables":{"GOOGLE_NODE_RUN_SCRIPTS":""},"dockerRepository":"projects/soccer-app-52b6b/locations/us-central1/repositories/gcf-artifacts","sourceProvenance":{"resolvedStorageSource":{"bucket":"gcf-v2-sources-559368532219-us-central1","object":"flushPendingJoinerNotifsTask/function-source.zip","generation":"1781125742605409"}},"dockerRegistry":"ARTIFACT_REGISTRY","serviceAccount":"projects/soccer-app-52b6b/serviceAccounts/559368532219-compute@developer.gserviceaccount.com","automaticUpdatePolicy":{}},"serviceConfig":{"service":"projects/soccer-app-52b6b/locations/us-central1/services/flushpendingjoinernotifstask","timeoutSeconds":60,"environmentVariables":{"FIREBASE_CONFIG":"{\"projectId\":\"soccer-app-52b6b\",\"storageBucket\":\"soccer-app-52b6b.firebasestorage.app\"}","GCLOUD_PROJECT":"soccer-app-52b6b","EVENTARC_CLOUD_EVENT_SOURCE":"projects/soccer-app-52b6b/locations/us-central1/services/flushPendingJoinerNotifsTask","FUNCTION_TARGET":"flushPendingJoinerNotifsTask","LOG_EXECUTION_ID":"true","FUNCTION_SIGNATURE_TYPE":"http"},"maxInstanceCount":10,"ingressSettings":"ALLOW_ALL","uri":"https://flushpendingjoinernotifstask-kqbqmfcrmq-uc.a.run.app","serviceAccountEmail":"559368532219-compute@developer.gserviceaccount.com","availableMemory":"256Mi","allTrafficOnLatestRevision":true,"revision":"flushpendingjoinernotifstask-00004-fov","maxInstanceRequestConcurrency":80,"availableCpu":"1"},"state":"ACTIVE","updateTime":"2026-06-10T21:09:43.754677246Z","labels":{"deployment-tool":"cli-firebase","deployment-taskqueue":"true","firebase-functions-hash":"58bc90fba7d8efde8b8e46c871470bb8ba4e87a1"},"environment":"GEN_2","url":"https://us-central1-soccer-app-52b6b.cloudfunctions.net/flushPendingJoinerNotifsTask","createTime":"2026-05-31T18:35:31.230588998Z","satisfiesPzi":true},{"name":"projects/soccer-app-52b6b/locations/us-central1/functions/onGameRosterChanged","buildConfig":{"build":"projects/559368532219/locations/us-central1/builds/344697fb-7387-4c73-a54e-40095af94330","runtime":"nodejs20","entryPoint":"onGameRosterChanged","source":{"storageSource":{"bucket":"gcf-v2-sources-559368532219-us-central1","object":"onGameRosterChanged/function-source.zip","generation":"1781125743472131"}},"environmentVariables":{"GOOGLE_NODE_RUN_SCRIPTS":""},"dockerRepository":"projects/soccer-app-52b6b/locations/us-central1/repositories/gcf-artifacts","sourceProvenance":{"resolvedStorageSource":{"bucket":"gcf-v2-sources-559368532219-us-central1","object":"onGameRosterChanged/function-source.zip","generation":"1781125743472131"}},"dockerRegistry":"ARTIFACT_REGISTRY","serviceAccount":"projects/soccer-app-52b6b/serviceAccounts/559368532219-compute@developer.gserviceaccount.com","automaticUpdatePolicy":{}},"serviceConfig":{"service":"projects/soccer-app-52b6b/locations/us-central1/services/ongamerosterchanged","timeoutSeconds":60,"environmentVariables":{"FIREBASE_CONFIG":"{\"projectId\":\"soccer-app-52b6b\",\"storageBucket\":\"soccer-app-52b6b.firebasestorage.app\"}","GCLOUD_PROJECT":"soccer-app-52b6b","EVENTARC_CLOUD_EVENT_SOURCE":"projects/soccer-app-52b6b/locations/us-central1/services/onGameRosterChanged","FUNCTION_SIGNATURE_TYPE":"cloudevent","FUNCTION_TARGET":"onGameRosterChanged","LOG_EXECUTION_ID":"true"},"maxInstanceCount":10,"ingressSettings":"ALLOW_ALL","uri":"https://ongamerosterchanged-kqbqmfcrmq-uc.a.run.app","serviceAccountEmail":"559368532219-compute@developer.gserviceaccount.com","availableMemory":"256Mi","allTrafficOnLatestRevision":true,"revision":"ongamerosterchanged-00025-vip","maxInstanceRequestConcurrency":80,"availableCpu":"1"},"eventTrigger":{"trigger":"projects/soccer-app-52b6b/locations/eur3/triggers/ongamerosterchanged-728842","triggerRegion":"eur3","eventType":"google.cloud.firestore.document.v1.written","eventFilters":[{"attribute":"database","value":"(default)"},{"attribute":"namespace","value":"(default)"},{"attribute":"document","value":"games/{gameId}","operator":"match-path-pattern"}],"pubsubTopic":"projects/soccer-app-52b6b/topics/eventarc-eur3-ongamerosterchanged-728842-874","serviceAccountEmail":"559368532219-compute@developer.gserviceaccount.com","retryPolicy":"RETRY_POLICY_DO_NOT_RETRY"},"state":"ACTIVE","updateTime":"2026-06-10T21:09:42.448525173Z","labels":{"firebase-functions-hash":"58bc90fba7d8efde8b8e46c871470bb8ba4e87a1","deployment-tool":"cli-firebase"},"environment":"GEN_2","url":"https://us-central1-soccer-app-52b6b.cloudfunctions.net/onGameRosterChanged","createTime":"2026-05-02T18:32:07.902544556Z","satisfiesPzi":true},{"name":"projects/soccer-app-52b6b/locations/us-central1/functions/removeFriendship","buildConfig":{"build":"projects/559368532219/locations/us-central1/builds/344697fb-7387-4c73-a54e-40095af94330","runtime":"nodejs20","entryPoint":"removeFriendship","source":{"storageSource":{"bucket":"gcf-v2-sources-559368532219-us-central1","object":"removeFriendship/function-source.zip","generation":"1781125742720261"}},"environmentVariables":{"GOOGLE_NODE_RUN_SCRIPTS":""},"dockerRepository":"projects/soccer-app-52b6b/locations/us-central1/repositories/gcf-artifacts","sourceProvenance":{"resolvedStorageSource":{"bucket":"gcf-v2-sources-559368532219-us-central1","object":"removeFriendship/function-source.zip","generation":"1781125742720261"}},"dockerRegistry":"ARTIFACT_REGISTRY","serviceAccount":"projects/soccer-app-52b6b/serviceAccounts/559368532219-compute@developer.gserviceaccount.com","automaticUpdatePolicy":{}},"serviceConfig":{"service":"projects/soccer-app-52b6b/locations/us-central1/services/removefriendship","timeoutSeconds":60,"environmentVariables":{"FIREBASE_CONFIG":"{\"projectId\":\"soccer-app-52b6b\",\"storageBucket\":\"soccer-app-52b6b.firebasestorage.app\"}","GCLOUD_PROJECT":"soccer-app-52b6b","EVENTARC_CLOUD_EVENT_SOURCE":"projects/soccer-app-52b6b/locations/us-central1/services/removeFriendship","FUNCTION_TARGET":"removeFriendship","LOG_EXECUTION_ID":"true","FUNCTION_SIGNATURE_TYPE":"http"},"maxInstanceCount":10,"ingressSettings":"ALLOW_ALL","uri":"https://removefriendship-kqbqmfcrmq-uc.a.run.app","serviceAccountEmail":"559368532219-compute@developer.gserviceaccount.com","availableMemory":"256Mi","allTrafficOnLatestRevision":true,"revision":"removefriendship-00004-zep","maxInstanceRequestConcurrency":80,"availableCpu":"1"},"state":"ACTIVE","updateTime":"2026-06-10T21:09:44.898735342Z","labels":{"deployment-tool":"cli-firebase","deployment-callable":"true","firebase-functions-hash":"58bc90fba7d8efde8b8e46c871470bb8ba4e87a1"},"environment":"GEN_2","url":"https://us-central1-soccer-app-52b6b.cloudfunctions.net/removeFriendship","createTime":"2026-05-26T10:50:12.352007365Z","satisfiesPzi":true},{"name":"projects/soccer-app-52b6b/locations/us-central1/functions/onFillerInterestCreated","buildConfig":{"build":"projects/559368532219/locations/us-central1/builds/344697fb-7387-4c73-a54e-40095af94330","runtime":"nodejs20","entryPoint":"onFillerInterestCreated","source":{"storageSource":{"bucket":"gcf-v2-sources-559368532219-us-central1","object":"onFillerInterestCreated/function-source.zip","generation":"1781125743438045"}},"environmentVariables":{"GOOGLE_NODE_RUN_SCRIPTS":""},"dockerRepository":"projects/soccer-app-52b6b/locations/us-central1/repositories/gcf-artifacts","sourceProvenance":{"resolvedStorageSource":{"bucket":"gcf-v2-sources-559368532219-us-central1","object":"onFillerInterestCreated/function-source.zip","generation":"1781125743438045"}},"dockerRegistry":"ARTIFACT_REGISTRY","serviceAccount":"projects/soccer-app-52b6b/serviceAccounts/559368532219-compute@developer.gserviceaccount.com","automaticUpdatePolicy":{}},"serviceConfig":{"service":"projects/soccer-app-52b6b/locations/us-central1/services/onfillerinterestcreated","timeoutSeconds":60,"environmentVariables":{"FIREBASE_CONFIG":"{\"projectId\":\"soccer-app-52b6b\",\"storageBucket\":\"soccer-app-52b6b.firebasestorage.app\"}","GCLOUD_PROJECT":"soccer-app-52b6b","EVENTARC_CLOUD_EVENT_SOURCE":"projects/soccer-app-52b6b/locations/us-central1/services/onFillerInterestCreated","FUNCTION_SIGNATURE_TYPE":"cloudevent","FUNCTION_TARGET":"onFillerInterestCreated","LOG_EXECUTION_ID":"true"},"maxInstanceCount":10,"ingressSettings":"ALLOW_ALL","uri":"https://onfillerinterestcreated-kqbqmfcrmq-uc.a.run.app","serviceAccountEmail":"559368532219-compute@developer.gserviceaccount.com","availableMemory":"256Mi","allTrafficOnLatestRevision":true,"revision":"onfillerinterestcreated-00010-xix","maxInstanceRequestConcurrency":80,"availableCpu":"1"},"eventTrigger":{"trigger":"projects/soccer-app-52b6b/locations/eur3/triggers/onfillerinterestcreated-302142","triggerRegion":"eur3","eventType":"google.cloud.firestore.document.v1.created","eventFilters":[{"attribute":"database","value":"(default)"},{"attribute":"namespace","value":"(default)"},{"attribute":"document","value":"games/{gameId}/fillerInterests/{uid}","operator":"match-path-pattern"}],"pubsubTopic":"projects/soccer-app-52b6b/topics/eventarc-eur3-onfillerinterestcreated-302142-884","serviceAccountEmail":"559368532219-compute@developer.gserviceaccount.com","retryPolicy":"RETRY_POLICY_DO_NOT_RETRY"},"state":"ACTIVE","updateTime":"2026-06-10T21:09:44.005548324Z","labels":{"deployment-tool":"cli-firebase","firebase-functions-hash":"58bc90fba7d8efde8b8e46c871470bb8ba4e87a1"},"environment":"GEN_2","url":"https://us-central1-soccer-app-52b6b.cloudfunctions.net/onFillerInterestCreated","createTime":"2026-05-09T09:20:48.059957209Z","satisfiesPzi":true},{"name":"projects/soccer-app-52b6b/locations/us-central1/functions/acceptFriendRequest","buildConfig":{"build":"projects/559368532219/locations/us-central1/builds/344697fb-7387-4c73-a54e-40095af94330","runtime":"nodejs20","entryPoint":"acceptFriendRequest","source":{"storageSource":{"bucket":"gcf-v2-sources-559368532219-us-central1","object":"acceptFriendRequest/function-source.zip","generation":"1781125743138226"}},"environmentVariables":{"GOOGLE_NODE_RUN_SCRIPTS":""},"dockerRepository":"projects/soccer-app-52b6b/locations/us-central1/repositories/gcf-artifacts","sourceProvenance":{"resolvedStorageSource":{"bucket":"gcf-v2-sources-559368532219-us-central1","object":"acceptFriendRequest/function-source.zip","generation":"1781125743138226"}},"dockerRegistry":"ARTIFACT_REGISTRY","serviceAccount":"projects/soccer-app-52b6b/serviceAccounts/559368532219-compute@developer.gserviceaccount.com","automaticUpdatePolicy":{}},"serviceConfig":{"service":"projects/soccer-app-52b6b/locations/us-central1/services/acceptfriendrequest","timeoutSeconds":60,"environmentVariables":{"FIREBASE_CONFIG":"{\"projectId\":\"soccer-app-52b6b\",\"storageBucket\":\"soccer-app-52b6b.firebasestorage.app\"}","GCLOUD_PROJECT":"soccer-app-52b6b","EVENTARC_CLOUD_EVENT_SOURCE":"projects/soccer-app-52b6b/locations/us-central1/services/acceptFriendRequest","FUNCTION_TARGET":"acceptFriendRequest","LOG_EXECUTION_ID":"true","FUNCTION_SIGNATURE_TYPE":"http"},"maxInstanceCount":10,"ingressSettings":"ALLOW_ALL","uri":"https://acceptfriendrequest-kqbqmfcrmq-uc.a.run.app","serviceAccountEmail":"559368532219-compute@developer.gserviceaccount.com","availableMemory":"256Mi","allTrafficOnLatestRevision":true,"revision":"acceptfriendrequest-00004-qej","maxInstanceRequestConcurrency":80,"availableCpu":"1"},"state":"ACTIVE","updateTime":"2026-06-10T21:09:48.758705045Z","labels":{"firebase-functions-hash":"58bc90fba7d8efde8b8e46c871470bb8ba4e87a1","deployment-tool":"cli-firebase","deployment-callable":"true"},"environment":"GEN_2","url":"https://us-central1-soccer-app-52b6b.cloudfunctions.net/acceptFriendRequest","createTime":"2026-05-26T10:50:11.859898813Z","satisfiesPzi":true},{"name":"projects/soccer-app-52b6b/locations/us-central1/functions/onCommunityCreatedAlert","buildConfig":{"build":"projects/559368532219/locations/us-central1/builds/344697fb-7387-4c73-a54e-40095af94330","runtime":"nodejs20","entryPoint":"onCommunityCreatedAlert","source":{"storageSource":{"bucket":"gcf-v2-sources-559368532219-us-central1","object":"onCommunityCreatedAlert/function-source.zip","generation":"1781125743744447"}},"environmentVariables":{"GOOGLE_NODE_RUN_SCRIPTS":""},"dockerRepository":"projects/soccer-app-52b6b/locations/us-central1/repositories/gcf-artifacts","sourceProvenance":{"resolvedStorageSource":{"bucket":"gcf-v2-sources-559368532219-us-central1","object":"onCommunityCreatedAlert/function-source.zip","generation":"1781125743744447"}},"dockerRegistry":"ARTIFACT_REGISTRY","serviceAccount":"projects/soccer-app-52b6b/serviceAccounts/559368532219-compute@developer.gserviceaccount.com","automaticUpdatePolicy":{}},"serviceConfig":{"service":"projects/soccer-app-52b6b/locations/us-central1/services/oncommunitycreatedalert","timeoutSeconds":60,"environmentVariables":{"FIREBASE_CONFIG":"{\"projectId\":\"soccer-app-52b6b\",\"storageBucket\":\"soccer-app-52b6b.firebasestorage.app\"}","GCLOUD_PROJECT":"soccer-app-52b6b","EVENTARC_CLOUD_EVENT_SOURCE":"projects/soccer-app-52b6b/locations/us-central1/services/onCommunityCreatedAlert","FUNCTION_SIGNATURE_TYPE":"cloudevent","FUNCTION_TARGET":"onCommunityCreatedAlert","LOG_EXECUTION_ID":"true"},"maxInstanceCount":10,"ingressSettings":"ALLOW_ALL","uri":"https://oncommunitycreatedalert-kqbqmfcrmq-uc.a.run.app","serviceAccountEmail":"559368532219-compute@developer.gserviceaccount.com","availableMemory":"256Mi","allTrafficOnLatestRevision":true,"revision":"oncommunitycreatedalert-00002-rob","maxInstanceRequestConcurrency":80,"availableCpu":"1"},"eventTrigger":{"trigger":"projects/soccer-app-52b6b/locations/eur3/triggers/oncommunitycreatedalert-417952","triggerRegion":"eur3","eventType":"google.cloud.firestore.document.v1.created","eventFilters":[{"attribute":"namespace","value":"(default)"},{"attribute":"document","value":"groups/{id}","operator":"match-path-pattern"},{"attribute":"database","value":"(default)"}],"pubsubTopic":"projects/soccer-app-52b6b/topics/eventarc-eur3-oncommunitycreatedalert-417952-905","serviceAccountEmail":"559368532219-compute@developer.gserviceaccount.com","retryPolicy":"RETRY_POLICY_DO_NOT_RETRY"},"state":"ACTIVE","updateTime":"2026-06-10T21:09:44.499661730Z","labels":{"deployment-tool":"cli-firebase","firebase-functions-hash":"58bc90fba7d8efde8b8e46c871470bb8ba4e87a1"},"environment":"GEN_2","url":"https://us-central1-soccer-app-52b6b.cloudfunctions.net/onCommunityCreatedAlert","createTime":"2026-06-05T09:32:12.999386802Z","satisfiesPzi":true},{"name":"projects/soccer-app-52b6b/locations/us-central1/functions/backfillGroupCreatorIdsOnce","buildConfig":{"build":"projects/559368532219/locations/us-central1/builds/344697fb-7387-4c73-a54e-40095af94330","runtime":"nodejs20","entryPoint":"backfillGroupCreatorIdsOnce","source":{"storageSource":{"bucket":"gcf-v2-sources-559368532219-us-central1","object":"backfillGroupCreatorIdsOnce/function-source.zip","generation":"1781125743171906"}},"environmentVariables":{"GOOGLE_NODE_RUN_SCRIPTS":""},"dockerRepository":"projects/soccer-app-52b6b/locations/us-central1/repositories/gcf-artifacts","sourceProvenance":{"resolvedStorageSource":{"bucket":"gcf-v2-sources-559368532219-us-central1","object":"backfillGroupCreatorIdsOnce/function-source.zip","generation":"1781125743171906"}},"dockerRegistry":"ARTIFACT_REGISTRY","serviceAccount":"projects/soccer-app-52b6b/serviceAccounts/559368532219-compute@developer.gserviceaccount.com","automaticUpdatePolicy":{}},"serviceConfig":{"service":"projects/soccer-app-52b6b/locations/us-central1/services/backfillgroupcreatoridsonce","timeoutSeconds":60,"environmentVariables":{"FIREBASE_CONFIG":"{\"projectId\":\"soccer-app-52b6b\",\"storageBucket\":\"soccer-app-52b6b.firebasestorage.app\"}","GCLOUD_PROJECT":"soccer-app-52b6b","EVENTARC_CLOUD_EVENT_SOURCE":"projects/soccer-app-52b6b/locations/us-central1/services/backfillGroupCreatorIdsOnce","FUNCTION_TARGET":"backfillGroupCreatorIdsOnce","LOG_EXECUTION_ID":"true","FUNCTION_SIGNATURE_TYPE":"http"},"maxInstanceCount":10,"ingressSettings":"ALLOW_ALL","uri":"https://backfillgroupcreatoridsonce-kqbqmfcrmq-uc.a.run.app","serviceAccountEmail":"559368532219-compute@developer.gserviceaccount.com","availableMemory":"256Mi","allTrafficOnLatestRevision":true,"revision":"backfillgroupcreatoridsonce-00010-wob","maxInstanceRequestConcurrency":80,"availableCpu":"1"},"state":"ACTIVE","updateTime":"2026-06-10T21:09:42.253560491Z","labels":{"deployment-callable":"true","firebase-functions-hash":"58bc90fba7d8efde8b8e46c871470bb8ba4e87a1","deployment-tool":"cli-firebase"},"environment":"GEN_2","url":"https://us-central1-soccer-app-52b6b.cloudfunctions.net/backfillGroupCreatorIdsOnce","createTime":"2026-05-08T06:54:16.253017473Z","satisfiesPzi":true},{"name":"projects/soccer-app-52b6b/locations/us-central1/functions/trackLinkClick","buildConfig":{"build":"projects/559368532219/locations/us-central1/builds/344697fb-7387-4c73-a54e-40095af94330","runtime":"nodejs20","entryPoint":"trackLinkClick","source":{"storageSource":{"bucket":"gcf-v2-sources-559368532219-us-central1","object":"trackLinkClick/function-source.zip","generation":"1781125742557653"}},"environmentVariables":{"GOOGLE_NODE_RUN_SCRIPTS":""},"dockerRepository":"projects/soccer-app-52b6b/locations/us-central1/repositories/gcf-artifacts","sourceProvenance":{"resolvedStorageSource":{"bucket":"gcf-v2-sources-559368532219-us-central1","object":"trackLinkClick/function-source.zip","generation":"1781125742557653"}},"dockerRegistry":"ARTIFACT_REGISTRY","serviceAccount":"projects/soccer-app-52b6b/serviceAccounts/559368532219-compute@developer.gserviceaccount.com","automaticUpdatePolicy":{}},"serviceConfig":{"service":"projects/soccer-app-52b6b/locations/us-central1/services/tracklinkclick","timeoutSeconds":60,"environmentVariables":{"FIREBASE_CONFIG":"{\"projectId\":\"soccer-app-52b6b\",\"storageBucket\":\"soccer-app-52b6b.firebasestorage.app\"}","GCLOUD_PROJECT":"soccer-app-52b6b","EVENTARC_CLOUD_EVENT_SOURCE":"projects/soccer-app-52b6b/locations/us-central1/services/trackLinkClick","FUNCTION_TARGET":"trackLinkClick","LOG_EXECUTION_ID":"true","FUNCTION_SIGNATURE_TYPE":"http"},"maxInstanceCount":10,"ingressSettings":"ALLOW_ALL","uri":"https://tracklinkclick-kqbqmfcrmq-uc.a.run.app","serviceAccountEmail":"559368532219-compute@developer.gserviceaccount.com","availableMemory":"256Mi","allTrafficOnLatestRevision":true,"revision":"tracklinkclick-00002-lir","maxInstanceRequestConcurrency":80,"availableCpu":"1"},"state":"ACTIVE","updateTime":"2026-06-10T21:09:43.717458413Z","labels":{"deployment-tool":"cli-firebase","firebase-functions-hash":"58bc90fba7d8efde8b8e46c871470bb8ba4e87a1"},"environment":"GEN_2","url":"https://us-central1-soccer-app-52b6b.cloudfunctions.net/trackLinkClick","createTime":"2026-06-05T08:12:17.459273247Z","satisfiesPzi":true},{"name":"projects/soccer-app-52b6b/locations/us-central1/functions/onGameCreatedAlert","buildConfig":{"build":"projects/559368532219/locations/us-central1/builds/344697fb-7387-4c73-a54e-40095af94330","runtime":"nodejs20","entryPoint":"onGameCreatedAlert","source":{"storageSource":{"bucket":"gcf-v2-sources-559368532219-us-central1","object":"onGameCreatedAlert/function-source.zip","generation":"1781125743356336"}},"environmentVariables":{"GOOGLE_NODE_RUN_SCRIPTS":""},"dockerRepository":"projects/soccer-app-52b6b/locations/us-central1/repositories/gcf-artifacts","sourceProvenance":{"resolvedStorageSource":{"bucket":"gcf-v2-sources-559368532219-us-central1","object":"onGameCreatedAlert/function-source.zip","generation":"1781125743356336"}},"dockerRegistry":"ARTIFACT_REGISTRY","serviceAccount":"projects/soccer-app-52b6b/serviceAccounts/559368532219-compute@developer.gserviceaccount.com","automaticUpdatePolicy":{}},"serviceConfig":{"service":"projects/soccer-app-52b6b/locations/us-central1/services/ongamecreatedalert","timeoutSeconds":60,"environmentVariables":{"FIREBASE_CONFIG":"{\"projectId\":\"soccer-app-52b6b\",\"storageBucket\":\"soccer-app-52b6b.firebasestorage.app\"}","GCLOUD_PROJECT":"soccer-app-52b6b","EVENTARC_CLOUD_EVENT_SOURCE":"projects/soccer-app-52b6b/locations/us-central1/services/onGameCreatedAlert","FUNCTION_SIGNATURE_TYPE":"cloudevent","FUNCTION_TARGET":"onGameCreatedAlert","LOG_EXECUTION_ID":"true"},"maxInstanceCount":10,"ingressSettings":"ALLOW_ALL","uri":"https://ongamecreatedalert-kqbqmfcrmq-uc.a.run.app","serviceAccountEmail":"559368532219-compute@developer.gserviceaccount.com","availableMemory":"256Mi","allTrafficOnLatestRevision":true,"revision":"ongamecreatedalert-00002-gub","maxInstanceRequestConcurrency":80,"availableCpu":"1"},"eventTrigger":{"trigger":"projects/soccer-app-52b6b/locations/eur3/triggers/ongamecreatedalert-409961","triggerRegion":"eur3","eventType":"google.cloud.firestore.document.v1.created","eventFilters":[{"attribute":"namespace","value":"(default)"},{"attribute":"document","value":"games/{id}","operator":"match-path-pattern"},{"attribute":"database","value":"(default)"}],"pubsubTopic":"projects/soccer-app-52b6b/topics/eventarc-eur3-ongamecreatedalert-409961-239","serviceAccountEmail":"559368532219-compute@developer.gserviceaccount.com","retryPolicy":"RETRY_POLICY_DO_NOT_RETRY"},"state":"ACTIVE","updateTime":"2026-06-10T21:09:44.074971162Z","labels":{"deployment-tool":"cli-firebase","firebase-functions-hash":"58bc90fba7d8efde8b8e46c871470bb8ba4e87a1"},"environment":"GEN_2","url":"https://us-central1-soccer-app-52b6b.cloudfunctions.net/onGameCreatedAlert","createTime":"2026-06-05T09:30:46.584117038Z","satisfiesPzi":true},{"name":"projects/soccer-app-52b6b/locations/us-central1/functions/onNewUserJoined","buildConfig":{"build":"projects/559368532219/locations/us-central1/builds/344697fb-7387-4c73-a54e-40095af94330","runtime":"nodejs20","entryPoint":"onNewUserJoined","source":{"storageSource":{"bucket":"gcf-v2-sources-559368532219-us-central1","object":"onNewUserJoined/function-source.zip","generation":"1781125743343190"}},"environmentVariables":{"GOOGLE_NODE_RUN_SCRIPTS":""},"dockerRepository":"projects/soccer-app-52b6b/locations/us-central1/repositories/gcf-artifacts","sourceProvenance":{"resolvedStorageSource":{"bucket":"gcf-v2-sources-559368532219-us-central1","object":"onNewUserJoined/function-source.zip","generation":"1781125743343190"}},"dockerRegistry":"ARTIFACT_REGISTRY","serviceAccount":"projects/soccer-app-52b6b/serviceAccounts/559368532219-compute@developer.gserviceaccount.com","automaticUpdatePolicy":{}},"serviceConfig":{"service":"projects/soccer-app-52b6b/locations/us-central1/services/onnewuserjoined","timeoutSeconds":60,"environmentVariables":{"FIREBASE_CONFIG":"{\"projectId\":\"soccer-app-52b6b\",\"storageBucket\":\"soccer-app-52b6b.firebasestorage.app\"}","GCLOUD_PROJECT":"soccer-app-52b6b","EVENTARC_CLOUD_EVENT_SOURCE":"projects/soccer-app-52b6b/locations/us-central1/services/onNewUserJoined","FUNCTION_SIGNATURE_TYPE":"cloudevent","FUNCTION_TARGET":"onNewUserJoined","LOG_EXECUTION_ID":"true"},"maxInstanceCount":10,"ingressSettings":"ALLOW_ALL","uri":"https://onnewuserjoined-kqbqmfcrmq-uc.a.run.app","serviceAccountEmail":"559368532219-compute@developer.gserviceaccount.com","availableMemory":"256Mi","allTrafficOnLatestRevision":true,"revision":"onnewuserjoined-00007-pov","maxInstanceRequestConcurrency":80,"availableCpu":"1"},"eventTrigger":{"trigger":"projects/soccer-app-52b6b/locations/eur3/triggers/onnewuserjoined-489580","triggerRegion":"eur3","eventType":"google.cloud.firestore.document.v1.created","eventFilters":[{"attribute":"document","value":"users/{uid}","operator":"match-path-pattern"},{"attribute":"database","value":"(default)"},{"attribute":"namespace","value":"(default)"}],"pubsubTopic":"projects/soccer-app-52b6b/topics/eventarc-eur3-onnewuserjoined-489580-082","serviceAccountEmail":"559368532219-compute@developer.gserviceaccount.com","retryPolicy":"RETRY_POLICY_DO_NOT_RETRY"},"state":"ACTIVE","updateTime":"2026-06-10T21:09:45.385827053Z","labels":{"firebase-functions-hash":"58bc90fba7d8efde8b8e46c871470bb8ba4e87a1","deployment-tool":"cli-firebase"},"environment":"GEN_2","url":"https://us-central1-soccer-app-52b6b.cloudfunctions.net/onNewUserJoined","createTime":"2026-06-03T18:04:20.020697097Z","satisfiesPzi":true},{"name":"projects/soccer-app-52b6b/locations/us-central1/functions/onErrorLogged","buildConfig":{"build":"projects/559368532219/locations/us-central1/builds/344697fb-7387-4c73-a54e-40095af94330","runtime":"nodejs20","entryPoint":"onErrorLogged","source":{"storageSource":{"bucket":"gcf-v2-sources-559368532219-us-central1","object":"onErrorLogged/function-source.zip","generation":"1781125743675579"}},"environmentVariables":{"GOOGLE_NODE_RUN_SCRIPTS":""},"dockerRepository":"projects/soccer-app-52b6b/locations/us-central1/repositories/gcf-artifacts","sourceProvenance":{"resolvedStorageSource":{"bucket":"gcf-v2-sources-559368532219-us-central1","object":"onErrorLogged/function-source.zip","generation":"1781125743675579"}},"dockerRegistry":"ARTIFACT_REGISTRY","serviceAccount":"projects/soccer-app-52b6b/serviceAccounts/559368532219-compute@developer.gserviceaccount.com","automaticUpdatePolicy":{}},"serviceConfig":{"service":"projects/soccer-app-52b6b/locations/us-central1/services/onerrorlogged","timeoutSeconds":60,"environmentVariables":{"FIREBASE_CONFIG":"{\"projectId\":\"soccer-app-52b6b\",\"storageBucket\":\"soccer-app-52b6b.firebasestorage.app\"}","GCLOUD_PROJECT":"soccer-app-52b6b","EVENTARC_CLOUD_EVENT_SOURCE":"projects/soccer-app-52b6b/locations/us-central1/services/onErrorLogged","FUNCTION_SIGNATURE_TYPE":"cloudevent","FUNCTION_TARGET":"onErrorLogged","LOG_EXECUTION_ID":"true"},"maxInstanceCount":10,"ingressSettings":"ALLOW_ALL","uri":"https://onerrorlogged-kqbqmfcrmq-uc.a.run.app","serviceAccountEmail":"559368532219-compute@developer.gserviceaccount.com","availableMemory":"256Mi","allTrafficOnLatestRevision":true,"revision":"onerrorlogged-00004-tuc","maxInstanceRequestConcurrency":80,"availableCpu":"1"},"eventTrigger":{"trigger":"projects/soccer-app-52b6b/locations/eur3/triggers/onerrorlogged-864842","triggerRegion":"eur3","eventType":"google.cloud.firestore.document.v1.created","eventFilters":[{"attribute":"document","value":"errors/{fp}","operator":"match-path-pattern"},{"attribute":"database","value":"(default)"},{"attribute":"namespace","value":"(default)"}],"pubsubTopic":"projects/soccer-app-52b6b/topics/eventarc-eur3-onerrorlogged-864842-251","serviceAccountEmail":"559368532219-compute@developer.gserviceaccount.com","retryPolicy":"RETRY_POLICY_DO_NOT_RETRY"},"state":"ACTIVE","updateTime":"2026-06-10T21:09:47.819946568Z","labels":{"deployment-tool":"cli-firebase","firebase-functions-hash":"58bc90fba7d8efde8b8e46c871470bb8ba4e87a1"},"environment":"GEN_2","url":"https://us-central1-soccer-app-52b6b.cloudfunctions.net/onErrorLogged","createTime":"2026-06-03T18:35:00.060481118Z","satisfiesPzi":true},{"name":"projects/soccer-app-52b6b/locations/us-central1/functions/scheduledGameMomentTask","buildConfig":{"build":"projects/559368532219/locations/us-central1/builds/344697fb-7387-4c73-a54e-40095af94330","runtime":"nodejs20","entryPoint":"scheduledGameMomentTask","source":{"storageSource":{"bucket":"gcf-v2-sources-559368532219-us-central1","object":"scheduledGameMomentTask/function-source.zip","generation":"1781125743127051"}},"environmentVariables":{"GOOGLE_NODE_RUN_SCRIPTS":""},"dockerRepository":"projects/soccer-app-52b6b/locations/us-central1/repositories/gcf-artifacts","sourceProvenance":{"resolvedStorageSource":{"bucket":"gcf-v2-sources-559368532219-us-central1","object":"scheduledGameMomentTask/function-source.zip","generation":"1781125743127051"}},"dockerRegistry":"ARTIFACT_REGISTRY","serviceAccount":"projects/soccer-app-52b6b/serviceAccounts/559368532219-compute@developer.gserviceaccount.com","automaticUpdatePolicy":{}},"serviceConfig":{"service":"projects/soccer-app-52b6b/locations/us-central1/services/scheduledgamemomenttask","timeoutSeconds":60,"environmentVariables":{"FIREBASE_CONFIG":"{\"projectId\":\"soccer-app-52b6b\",\"storageBucket\":\"soccer-app-52b6b.firebasestorage.app\"}","GCLOUD_PROJECT":"soccer-app-52b6b","EVENTARC_CLOUD_EVENT_SOURCE":"projects/soccer-app-52b6b/locations/us-central1/services/scheduledGameMomentTask","FUNCTION_TARGET":"scheduledGameMomentTask","LOG_EXECUTION_ID":"true","FUNCTION_SIGNATURE_TYPE":"http"},"maxInstanceCount":10,"ingressSettings":"ALLOW_ALL","uri":"https://scheduledgamemomenttask-kqbqmfcrmq-uc.a.run.app","serviceAccountEmail":"559368532219-compute@developer.gserviceaccount.com","availableMemory":"256Mi","allTrafficOnLatestRevision":true,"revision":"scheduledgamemomenttask-00002-jak","maxInstanceRequestConcurrency":80,"availableCpu":"1"},"state":"ACTIVE","updateTime":"2026-06-10T21:09:43.838130574Z","labels":{"deployment-tool":"cli-firebase","deployment-taskqueue":"true","firebase-functions-hash":"58bc90fba7d8efde8b8e46c871470bb8ba4e87a1"},"environment":"GEN_2","url":"https://us-central1-soccer-app-52b6b.cloudfunctions.net/scheduledGameMomentTask","createTime":"2026-06-10T20:59:03.852849725Z","satisfiesPzi":true},{"name":"projects/soccer-app-52b6b/locations/us-central1/functions/onNotificationCreated","buildConfig":{"build":"projects/559368532219/locations/us-central1/builds/344697fb-7387-4c73-a54e-40095af94330","runtime":"nodejs20","entryPoint":"onNotificationCreated","source":{"storageSource":{"bucket":"gcf-v2-sources-559368532219-us-central1","object":"onNotificationCreated/function-source.zip","generation":"1781125666998417"}},"environmentVariables":{"GOOGLE_NODE_RUN_SCRIPTS":""},"dockerRepository":"projects/soccer-app-52b6b/locations/us-central1/repositories/gcf-artifacts","sourceProvenance":{"resolvedStorageSource":{"bucket":"gcf-v2-sources-559368532219-us-central1","object":"onNotificationCreated/function-source.zip","generation":"1781125666998417"}},"dockerRegistry":"ARTIFACT_REGISTRY","serviceAccount":"projects/soccer-app-52b6b/serviceAccounts/559368532219-compute@developer.gserviceaccount.com","automaticUpdatePolicy":{}},"serviceConfig":{"service":"projects/soccer-app-52b6b/locations/us-central1/services/onnotificationcreated","timeoutSeconds":60,"environmentVariables":{"FIREBASE_CONFIG":"{\"projectId\":\"soccer-app-52b6b\",\"storageBucket\":\"soccer-app-52b6b.firebasestorage.app\"}","GCLOUD_PROJECT":"soccer-app-52b6b","EVENTARC_CLOUD_EVENT_SOURCE":"projects/soccer-app-52b6b/locations/us-central1/services/onNotificationCreated","FUNCTION_SIGNATURE_TYPE":"cloudevent","FUNCTION_TARGET":"onNotificationCreated","LOG_EXECUTION_ID":"true"},"maxInstanceCount":10,"ingressSettings":"ALLOW_ALL","uri":"https://onnotificationcreated-kqbqmfcrmq-uc.a.run.app","serviceAccountEmail":"559368532219-compute@developer.gserviceaccount.com","availableMemory":"256Mi","allTrafficOnLatestRevision":true,"revision":"onnotificationcreated-00032-viv","maxInstanceRequestConcurrency":80,"availableCpu":"1"},"eventTrigger":{"trigger":"projects/soccer-app-52b6b/locations/eur3/triggers/onnotificationcreated-293517","triggerRegion":"eur3","eventType":"google.cloud.firestore.document.v1.created","eventFilters":[{"attribute":"namespace","value":"(default)"},{"attribute":"document","value":"notifications/{id}","operator":"match-path-pattern"},{"attribute":"database","value":"(default)"}],"pubsubTopic":"projects/soccer-app-52b6b/topics/eventarc-eur3-onnotificationcreated-293517-024","serviceAccountEmail":"559368532219-compute@developer.gserviceaccount.com","retryPolicy":"RETRY_POLICY_DO_NOT_RETRY"},"state":"ACTIVE","updateTime":"2026-06-10T21:09:41.854684859Z","labels":{"deployment-tool":"cli-firebase","firebase-functions-hash":"58bc90fba7d8efde8b8e46c871470bb8ba4e87a1"},"environment":"GEN_2","url":"https://us-central1-soccer-app-52b6b.cloudfunctions.net/onNotificationCreated","createTime":"2026-04-28T11:46:48.569092463Z","satisfiesPzi":true},{"name":"projects/soccer-app-52b6b/locations/us-central1/functions/onFriendRequestCreated","buildConfig":{"build":"projects/559368532219/locations/us-central1/builds/344697fb-7387-4c73-a54e-40095af94330","runtime":"nodejs20","entryPoint":"onFriendRequestCreated","source":{"storageSource":{"bucket":"gcf-v2-sources-559368532219-us-central1","object":"onFriendRequestCreated/function-source.zip","generation":"1781125743785524"}},"environmentVariables":{"GOOGLE_NODE_RUN_SCRIPTS":""},"dockerRepository":"projects/soccer-app-52b6b/locations/us-central1/repositories/gcf-artifacts","sourceProvenance":{"resolvedStorageSource":{"bucket":"gcf-v2-sources-559368532219-us-central1","object":"onFriendRequestCreated/function-source.zip","generation":"1781125743785524"}},"dockerRegistry":"ARTIFACT_REGISTRY","serviceAccount":"projects/soccer-app-52b6b/serviceAccounts/559368532219-compute@developer.gserviceaccount.com","automaticUpdatePolicy":{}},"serviceConfig":{"service":"projects/soccer-app-52b6b/locations/us-central1/services/onfriendrequestcreated","timeoutSeconds":60,"environmentVariables":{"FIREBASE_CONFIG":"{\"projectId\":\"soccer-app-52b6b\",\"storageBucket\":\"soccer-app-52b6b.firebasestorage.app\"}","GCLOUD_PROJECT":"soccer-app-52b6b","EVENTARC_CLOUD_EVENT_SOURCE":"projects/soccer-app-52b6b/locations/us-central1/services/onFriendRequestCreated","FUNCTION_SIGNATURE_TYPE":"cloudevent","FUNCTION_TARGET":"onFriendRequestCreated","LOG_EXECUTION_ID":"true"},"maxInstanceCount":10,"ingressSettings":"ALLOW_ALL","uri":"https://onfriendrequestcreated-kqbqmfcrmq-uc.a.run.app","serviceAccountEmail":"559368532219-compute@developer.gserviceaccount.com","availableMemory":"256Mi","allTrafficOnLatestRevision":true,"revision":"onfriendrequestcreated-00004-tew","maxInstanceRequestConcurrency":80,"availableCpu":"1"},"eventTrigger":{"trigger":"projects/soccer-app-52b6b/locations/eur3/triggers/onfriendrequestcreated-406612","triggerRegion":"eur3","eventType":"google.cloud.firestore.document.v1.created","eventFilters":[{"attribute":"namespace","value":"(default)"},{"attribute":"document","value":"friendRequests/{rid}","operator":"match-path-pattern"},{"attribute":"database","value":"(default)"}],"pubsubTopic":"projects/soccer-app-52b6b/topics/eventarc-eur3-onfriendrequestcreated-406612-486","serviceAccountEmail":"559368532219-compute@developer.gserviceaccount.com","retryPolicy":"RETRY_POLICY_DO_NOT_RETRY"},"state":"ACTIVE","updateTime":"2026-06-10T21:09:46.107510126Z","labels":{"deployment-tool":"cli-firebase","firebase-functions-hash":"58bc90fba7d8efde8b8e46c871470bb8ba4e87a1"},"environment":"GEN_2","url":"https://us-central1-soccer-app-52b6b.cloudfunctions.net/onFriendRequestCreated","createTime":"2026-05-26T10:48:36.062741620Z","satisfiesPzi":true},{"name":"projects/soccer-app-52b6b/locations/us-central1/functions/cronEvery5Min","buildConfig":{"build":"projects/559368532219/locations/us-central1/builds/344697fb-7387-4c73-a54e-40095af94330","runtime":"nodejs20","entryPoint":"cronEvery5Min","source":{"storageSource":{"bucket":"gcf-v2-sources-559368532219-us-central1","object":"cronEvery5Min/function-source.zip","generation":"1781125743153925"}},"environmentVariables":{"GOOGLE_NODE_RUN_SCRIPTS":""},"dockerRepository":"projects/soccer-app-52b6b/locations/us-central1/repositories/gcf-artifacts","sourceProvenance":{"resolvedStorageSource":{"bucket":"gcf-v2-sources-559368532219-us-central1","object":"cronEvery5Min/function-source.zip","generation":"1781125743153925"}},"dockerRegistry":"ARTIFACT_REGISTRY","serviceAccount":"projects/soccer-app-52b6b/serviceAccounts/559368532219-compute@developer.gserviceaccount.com","automaticUpdatePolicy":{}},"serviceConfig":{"service":"projects/soccer-app-52b6b/locations/us-central1/services/cronevery5min","timeoutSeconds":60,"environmentVariables":{"FIREBASE_CONFIG":"{\"projectId\":\"soccer-app-52b6b\",\"storageBucket\":\"soccer-app-52b6b.firebasestorage.app\"}","GCLOUD_PROJECT":"soccer-app-52b6b","EVENTARC_CLOUD_EVENT_SOURCE":"projects/soccer-app-52b6b/locations/us-central1/services/cronEvery5Min","FUNCTION_TARGET":"cronEvery5Min","LOG_EXECUTION_ID":"true","FUNCTION_SIGNATURE_TYPE":"http"},"maxInstanceCount":10,"ingressSettings":"ALLOW_ALL","uri":"https://cronevery5min-kqbqmfcrmq-uc.a.run.app","serviceAccountEmail":"559368532219-compute@developer.gserviceaccount.com","availableMemory":"256Mi","allTrafficOnLatestRevision":true,"revision":"cronevery5min-00010-nok","maxInstanceRequestConcurrency":80,"availableCpu":"1"},"state":"ACTIVE","updateTime":"2026-06-10T21:09:49.619621906Z","labels":{"deployment-tool":"cli-firebase","deployment-scheduled":"true","firebase-functions-hash":"58bc90fba7d8efde8b8e46c871470bb8ba4e87a1"},"environment":"GEN_2","url":"https://us-central1-soccer-app-52b6b.cloudfunctions.net/cronEvery5Min","createTime":"2026-06-01T18:31:29.631652031Z","satisfiesPzi":true},{"name":"projects/soccer-app-52b6b/locations/us-central1/functions/approveFiller","buildConfig":{"build":"projects/559368532219/locations/us-central1/builds/344697fb-7387-4c73-a54e-40095af94330","runtime":"nodejs20","entryPoint":"approveFiller","source":{"storageSource":{"bucket":"gcf-v2-sources-559368532219-us-central1","object":"approveFiller/function-source.zip","generation":"1781125743114771"}},"environmentVariables":{"GOOGLE_NODE_RUN_SCRIPTS":""},"dockerRepository":"projects/soccer-app-52b6b/locations/us-central1/repositories/gcf-artifacts","sourceProvenance":{"resolvedStorageSource":{"bucket":"gcf-v2-sources-559368532219-us-central1","object":"approveFiller/function-source.zip","generation":"1781125743114771"}},"dockerRegistry":"ARTIFACT_REGISTRY","serviceAccount":"projects/soccer-app-52b6b/serviceAccounts/559368532219-compute@developer.gserviceaccount.com","automaticUpdatePolicy":{}},"serviceConfig":{"service":"projects/soccer-app-52b6b/locations/us-central1/services/approvefiller","timeoutSeconds":60,"environmentVariables":{"FIREBASE_CONFIG":"{\"projectId\":\"soccer-app-52b6b\",\"storageBucket\":\"soccer-app-52b6b.firebasestorage.app\"}","GCLOUD_PROJECT":"soccer-app-52b6b","EVENTARC_CLOUD_EVENT_SOURCE":"projects/soccer-app-52b6b/locations/us-central1/services/approveFiller","FUNCTION_TARGET":"approveFiller","LOG_EXECUTION_ID":"true","FUNCTION_SIGNATURE_TYPE":"http"},"maxInstanceCount":10,"ingressSettings":"ALLOW_ALL","uri":"https://approvefiller-kqbqmfcrmq-uc.a.run.app","serviceAccountEmail":"559368532219-compute@developer.gserviceaccount.com","availableMemory":"256Mi","allTrafficOnLatestRevision":true,"revision":"approvefiller-00010-pev","maxInstanceRequestConcurrency":80,"availableCpu":"1"},"state":"ACTIVE","updateTime":"2026-06-10T21:09:47.319316724Z","labels":{"deployment-tool":"cli-firebase","deployment-callable":"true","firebase-functions-hash":"58bc90fba7d8efde8b8e46c871470bb8ba4e87a1"},"environment":"GEN_2","url":"https://us-central1-soccer-app-52b6b.cloudfunctions.net/approveFiller","createTime":"2026-05-09T09:20:47.494510629Z","satisfiesPzi":true},{"name":"projects/soccer-app-52b6b/locations/us-central1/functions/onCommunityJoinedAlert","buildConfig":{"build":"projects/559368532219/locations/us-central1/builds/344697fb-7387-4c73-a54e-40095af94330","runtime":"nodejs20","entryPoint":"onCommunityJoinedAlert","source":{"storageSource":{"bucket":"gcf-v2-sources-559368532219-us-central1","object":"onCommunityJoinedAlert/function-source.zip","generation":"1781125743425841"}},"environmentVariables":{"GOOGLE_NODE_RUN_SCRIPTS":""},"dockerRepository":"projects/soccer-app-52b6b/locations/us-central1/repositories/gcf-artifacts","sourceProvenance":{"resolvedStorageSource":{"bucket":"gcf-v2-sources-559368532219-us-central1","object":"onCommunityJoinedAlert/function-source.zip","generation":"1781125743425841"}},"dockerRegistry":"ARTIFACT_REGISTRY","serviceAccount":"projects/soccer-app-52b6b/serviceAccounts/559368532219-compute@developer.gserviceaccount.com","automaticUpdatePolicy":{}},"serviceConfig":{"service":"projects/soccer-app-52b6b/locations/us-central1/services/oncommunityjoinedalert","timeoutSeconds":60,"environmentVariables":{"FIREBASE_CONFIG":"{\"projectId\":\"soccer-app-52b6b\",\"storageBucket\":\"soccer-app-52b6b.firebasestorage.app\"}","GCLOUD_PROJECT":"soccer-app-52b6b","EVENTARC_CLOUD_EVENT_SOURCE":"projects/soccer-app-52b6b/locations/us-central1/services/onCommunityJoinedAlert","FUNCTION_SIGNATURE_TYPE":"cloudevent","FUNCTION_TARGET":"onCommunityJoinedAlert","LOG_EXECUTION_ID":"true"},"maxInstanceCount":10,"ingressSettings":"ALLOW_ALL","uri":"https://oncommunityjoinedalert-kqbqmfcrmq-uc.a.run.app","serviceAccountEmail":"559368532219-compute@developer.gserviceaccount.com","availableMemory":"256Mi","allTrafficOnLatestRevision":true,"revision":"oncommunityjoinedalert-00002-nom","maxInstanceRequestConcurrency":80,"availableCpu":"1"},"eventTrigger":{"trigger":"projects/soccer-app-52b6b/locations/eur3/triggers/oncommunityjoinedalert-921350","triggerRegion":"eur3","eventType":"google.cloud.firestore.document.v1.updated","eventFilters":[{"attribute":"namespace","value":"(default)"},{"attribute":"document","value":"groups/{id}","operator":"match-path-pattern"},{"attribute":"database","value":"(default)"}],"pubsubTopic":"projects/soccer-app-52b6b/topics/eventarc-eur3-oncommunityjoinedalert-921350-433","serviceAccountEmail":"559368532219-compute@developer.gserviceaccount.com","retryPolicy":"RETRY_POLICY_DO_NOT_RETRY"},"state":"ACTIVE","updateTime":"2026-06-10T21:09:41.733667380Z","labels":{"deployment-tool":"cli-firebase","firebase-functions-hash":"58bc90fba7d8efde8b8e46c871470bb8ba4e87a1"},"environment":"GEN_2","url":"https://us-central1-soccer-app-52b6b.cloudfunctions.net/onCommunityJoinedAlert","createTime":"2026-06-05T09:32:13.086786598Z","satisfiesPzi":true},{"name":"projects/soccer-app-52b6b/locations/us-central1/functions/onCommunityChatMessage","buildConfig":{"build":"projects/559368532219/locations/us-central1/builds/2c345456-e5e1-48bc-b6c2-587e3a486321","runtime":"nodejs20","entryPoint":"onCommunityChatMessage","source":{"storageSource":{"bucket":"gcf-v2-sources-559368532219-us-central1","object":"onCommunityChatMessage/function-source.zip","generation":"1781424673226108"}},"environmentVariables":{"GOOGLE_NODE_RUN_SCRIPTS":""},"dockerRepository":"projects/soccer-app-52b6b/locations/us-central1/repositories/gcf-artifacts","sourceProvenance":{"resolvedStorageSource":{"bucket":"gcf-v2-sources-559368532219-us-central1","object":"onCommunityChatMessage/function-source.zip","generation":"1781424673226108"}},"dockerRegistry":"ARTIFACT_REGISTRY","serviceAccount":"projects/soccer-app-52b6b/serviceAccounts/559368532219-compute@developer.gserviceaccount.com","automaticUpdatePolicy":{}},"serviceConfig":{"service":"projects/soccer-app-52b6b/locations/us-central1/services/oncommunitychatmessage","timeoutSeconds":60,"environmentVariables":{"FIREBASE_CONFIG":"{\"projectId\":\"soccer-app-52b6b\",\"storageBucket\":\"soccer-app-52b6b.firebasestorage.app\"}","GCLOUD_PROJECT":"soccer-app-52b6b","EVENTARC_CLOUD_EVENT_SOURCE":"projects/soccer-app-52b6b/locations/us-central1/services/onCommunityChatMessage","FUNCTION_SIGNATURE_TYPE":"cloudevent","FUNCTION_TARGET":"onCommunityChatMessage","LOG_EXECUTION_ID":"true"},"ingressSettings":"ALLOW_ALL","uri":"https://oncommunitychatmessage-kqbqmfcrmq-uc.a.run.app","serviceAccountEmail":"559368532219-compute@developer.gserviceaccount.com","availableMemory":"256Mi","allTrafficOnLatestRevision":true,"revision":"oncommunitychatmessage-00001-nat","maxInstanceRequestConcurrency":80,"availableCpu":"1"},"eventTrigger":{"trigger":"projects/soccer-app-52b6b/locations/eur3/triggers/oncommunitychatmessage-987303","triggerRegion":"eur3","eventType":"google.cloud.firestore.document.v1.created","eventFilters":[{"attribute":"document","value":"groups/{groupId}/messages/{msgId}","operator":"match-path-pattern"},{"attribute":"database","value":"(default)"},{"attribute":"namespace","value":"(default)"}],"pubsubTopic":"projects/soccer-app-52b6b/topics/eventarc-eur3-oncommunitychatmessage-987303-670","serviceAccountEmail":"559368532219-compute@developer.gserviceaccount.com","retryPolicy":"RETRY_POLICY_DO_NOT_RETRY"},"state":"ACTIVE","updateTime":"2026-06-14T08:11:41.664084489Z","labels":{"deployment-tool":"cli-firebase","firebase-functions-hash":"48c5b609647c8ef0471b0ae8927fd079032566f2"},"environment":"GEN_2","url":"https://us-central1-soccer-app-52b6b.cloudfunctions.net/onCommunityChatMessage","createTime":"2026-06-14T08:11:13.654672318Z","satisfiesPzi":true},{"name":"projects/soccer-app-52b6b/locations/us-central1/functions/updateShowcaseOnGameChange","buildConfig":{"build":"projects/559368532219/locations/us-central1/builds/344697fb-7387-4c73-a54e-40095af94330","runtime":"nodejs20","entryPoint":"updateShowcaseOnGameChange","source":{"storageSource":{"bucket":"gcf-v2-sources-559368532219-us-central1","object":"updateShowcaseOnGameChange/function-source.zip","generation":"1781125742916671"}},"environmentVariables":{"GOOGLE_NODE_RUN_SCRIPTS":""},"dockerRepository":"projects/soccer-app-52b6b/locations/us-central1/repositories/gcf-artifacts","sourceProvenance":{"resolvedStorageSource":{"bucket":"gcf-v2-sources-559368532219-us-central1","object":"updateShowcaseOnGameChange/function-source.zip","generation":"1781125742916671"}},"dockerRegistry":"ARTIFACT_REGISTRY","serviceAccount":"projects/soccer-app-52b6b/serviceAccounts/559368532219-compute@developer.gserviceaccount.com","automaticUpdatePolicy":{}},"serviceConfig":{"service":"projects/soccer-app-52b6b/locations/us-central1/services/updateshowcaseongamechange","timeoutSeconds":60,"environmentVariables":{"FIREBASE_CONFIG":"{\"projectId\":\"soccer-app-52b6b\",\"storageBucket\":\"soccer-app-52b6b.firebasestorage.app\"}","GCLOUD_PROJECT":"soccer-app-52b6b","EVENTARC_CLOUD_EVENT_SOURCE":"projects/soccer-app-52b6b/locations/us-central1/services/updateShowcaseOnGameChange","FUNCTION_SIGNATURE_TYPE":"cloudevent","FUNCTION_TARGET":"updateShowcaseOnGameChange","LOG_EXECUTION_ID":"true"},"maxInstanceCount":10,"ingressSettings":"ALLOW_ALL","uri":"https://updateshowcaseongamechange-kqbqmfcrmq-uc.a.run.app","serviceAccountEmail":"559368532219-compute@developer.gserviceaccount.com","availableMemory":"256Mi","allTrafficOnLatestRevision":true,"revision":"updateshowcaseongamechange-00010-tub","maxInstanceRequestConcurrency":80,"availableCpu":"1"},"eventTrigger":{"trigger":"projects/soccer-app-52b6b/locations/eur3/triggers/updateshowcaseongamechange-355846","triggerRegion":"eur3","eventType":"google.cloud.firestore.document.v1.written","eventFilters":[{"attribute":"namespace","value":"(default)"},{"attribute":"document","value":"games/{gameId}","operator":"match-path-pattern"},{"attribute":"database","value":"(default)"}],"pubsubTopic":"projects/soccer-app-52b6b/topics/eventarc-eur3-updateshowcaseongamechange-355846-075","serviceAccountEmail":"559368532219-compute@developer.gserviceaccount.com","retryPolicy":"RETRY_POLICY_DO_NOT_RETRY"},"state":"ACTIVE","updateTime":"2026-06-10T21:09:44.256071533Z","labels":{"firebase-functions-hash":"58bc90fba7d8efde8b8e46c871470bb8ba4e87a1","deployment-tool":"cli-firebase"},"environment":"GEN_2","url":"https://us-central1-soccer-app-52b6b.cloudfunctions.net/updateShowcaseOnGameChange","createTime":"2026-05-07T14:13:32.681243740Z","satisfiesPzi":true},{"name":"projects/soccer-app-52b6b/locations/us-central1/functions/declineFiller","buildConfig":{"build":"projects/559368532219/locations/us-central1/builds/344697fb-7387-4c73-a54e-40095af94330","runtime":"nodejs20","entryPoint":"declineFiller","source":{"storageSource":{"bucket":"gcf-v2-sources-559368532219-us-central1","object":"declineFiller/function-source.zip","generation":"1781125743049605"}},"environmentVariables":{"GOOGLE_NODE_RUN_SCRIPTS":""},"dockerRepository":"projects/soccer-app-52b6b/locations/us-central1/repositories/gcf-artifacts","sourceProvenance":{"resolvedStorageSource":{"bucket":"gcf-v2-sources-559368532219-us-central1","object":"declineFiller/function-source.zip","generation":"1781125743049605"}},"dockerRegistry":"ARTIFACT_REGISTRY","serviceAccount":"projects/soccer-app-52b6b/serviceAccounts/559368532219-compute@developer.gserviceaccount.com","automaticUpdatePolicy":{}},"serviceConfig":{"service":"projects/soccer-app-52b6b/locations/us-central1/services/declinefiller","timeoutSeconds":60,"environmentVariables":{"FIREBASE_CONFIG":"{\"projectId\":\"soccer-app-52b6b\",\"storageBucket\":\"soccer-app-52b6b.firebasestorage.app\"}","GCLOUD_PROJECT":"soccer-app-52b6b","EVENTARC_CLOUD_EVENT_SOURCE":"projects/soccer-app-52b6b/locations/us-central1/services/declineFiller","FUNCTION_TARGET":"declineFiller","LOG_EXECUTION_ID":"true","FUNCTION_SIGNATURE_TYPE":"http"},"maxInstanceCount":10,"ingressSettings":"ALLOW_ALL","uri":"https://declinefiller-kqbqmfcrmq-uc.a.run.app","serviceAccountEmail":"559368532219-compute@developer.gserviceaccount.com","availableMemory":"256Mi","allTrafficOnLatestRevision":true,"revision":"declinefiller-00010-muq","maxInstanceRequestConcurrency":80,"availableCpu":"1"},"state":"ACTIVE","updateTime":"2026-06-10T21:09:43.916797023Z","labels":{"firebase-functions-hash":"58bc90fba7d8efde8b8e46c871470bb8ba4e87a1","deployment-tool":"cli-firebase","deployment-callable":"true"},"environment":"GEN_2","url":"https://us-central1-soccer-app-52b6b.cloudfunctions.net/declineFiller","createTime":"2026-05-09T09:20:47.540106689Z","satisfiesPzi":true},{"name":"projects/soccer-app-52b6b/locations/us-central1/functions/uploadGroupCover","buildConfig":{"build":"projects/559368532219/locations/us-central1/builds/344697fb-7387-4c73-a54e-40095af94330","runtime":"nodejs20","entryPoint":"uploadGroupCover","source":{"storageSource":{"bucket":"gcf-v2-sources-559368532219-us-central1","object":"uploadGroupCover/function-source.zip","generation":"1781125743127872"}},"environmentVariables":{"GOOGLE_NODE_RUN_SCRIPTS":""},"dockerRepository":"projects/soccer-app-52b6b/locations/us-central1/repositories/gcf-artifacts","sourceProvenance":{"resolvedStorageSource":{"bucket":"gcf-v2-sources-559368532219-us-central1","object":"uploadGroupCover/function-source.zip","generation":"1781125743127872"}},"dockerRegistry":"ARTIFACT_REGISTRY","serviceAccount":"projects/soccer-app-52b6b/serviceAccounts/559368532219-compute@developer.gserviceaccount.com","automaticUpdatePolicy":{}},"serviceConfig":{"service":"projects/soccer-app-52b6b/locations/us-central1/services/uploadgroupcover","timeoutSeconds":60,"environmentVariables":{"FIREBASE_CONFIG":"{\"projectId\":\"soccer-app-52b6b\",\"storageBucket\":\"soccer-app-52b6b.firebasestorage.app\"}","GCLOUD_PROJECT":"soccer-app-52b6b","EVENTARC_CLOUD_EVENT_SOURCE":"projects/soccer-app-52b6b/locations/us-central1/services/uploadGroupCover","FUNCTION_TARGET":"uploadGroupCover","LOG_EXECUTION_ID":"true","FUNCTION_SIGNATURE_TYPE":"http"},"maxInstanceCount":10,"ingressSettings":"ALLOW_ALL","uri":"https://uploadgroupcover-kqbqmfcrmq-uc.a.run.app","serviceAccountEmail":"559368532219-compute@developer.gserviceaccount.com","availableMemory":"256Mi","allTrafficOnLatestRevision":true,"revision":"uploadgroupcover-00004-kof","maxInstanceRequestConcurrency":80,"availableCpu":"1"},"state":"ACTIVE","updateTime":"2026-06-10T21:09:48.448201157Z","labels":{"deployment-tool":"cli-firebase","deployment-callable":"true","firebase-functions-hash":"58bc90fba7d8efde8b8e46c871470bb8ba4e87a1"},"environment":"GEN_2","url":"https://us-central1-soccer-app-52b6b.cloudfunctions.net/uploadGroupCover","createTime":"2026-05-27T12:37:13.028131864Z","satisfiesPzi":true},{"name":"projects/soccer-app-52b6b/locations/us-central1/functions/onVoteWritten","buildConfig":{"build":"projects/559368532219/locations/us-central1/builds/344697fb-7387-4c73-a54e-40095af94330","runtime":"nodejs20","entryPoint":"onVoteWritten","source":{"storageSource":{"bucket":"gcf-v2-sources-559368532219-us-central1","object":"onVoteWritten/function-source.zip","generation":"1781125743493059"}},"environmentVariables":{"GOOGLE_NODE_RUN_SCRIPTS":""},"dockerRepository":"projects/soccer-app-52b6b/locations/us-central1/repositories/gcf-artifacts","sourceProvenance":{"resolvedStorageSource":{"bucket":"gcf-v2-sources-559368532219-us-central1","object":"onVoteWritten/function-source.zip","generation":"1781125743493059"}},"dockerRegistry":"ARTIFACT_REGISTRY","serviceAccount":"projects/soccer-app-52b6b/serviceAccounts/559368532219-compute@developer.gserviceaccount.com","automaticUpdatePolicy":{}},"serviceConfig":{"service":"projects/soccer-app-52b6b/locations/us-central1/services/onvotewritten","timeoutSeconds":60,"environmentVariables":{"FIREBASE_CONFIG":"{\"projectId\":\"soccer-app-52b6b\",\"storageBucket\":\"soccer-app-52b6b.firebasestorage.app\"}","GCLOUD_PROJECT":"soccer-app-52b6b","EVENTARC_CLOUD_EVENT_SOURCE":"projects/soccer-app-52b6b/locations/us-central1/services/onVoteWritten","FUNCTION_SIGNATURE_TYPE":"cloudevent","FUNCTION_TARGET":"onVoteWritten","LOG_EXECUTION_ID":"true"},"maxInstanceCount":10,"ingressSettings":"ALLOW_ALL","uri":"https://onvotewritten-kqbqmfcrmq-uc.a.run.app","serviceAccountEmail":"559368532219-compute@developer.gserviceaccount.com","availableMemory":"256Mi","allTrafficOnLatestRevision":true,"revision":"onvotewritten-00022-zok","maxInstanceRequestConcurrency":80,"availableCpu":"1"},"eventTrigger":{"trigger":"projects/soccer-app-52b6b/locations/eur3/triggers/onvotewritten-024376","triggerRegion":"eur3","eventType":"google.cloud.firestore.document.v1.written","eventFilters":[{"attribute":"database","value":"(default)"},{"attribute":"namespace","value":"(default)"},{"attribute":"document","value":"ratings/{ratedUserId}/votes/{raterUserId}","operator":"match-path-pattern"}],"pubsubTopic":"projects/soccer-app-52b6b/topics/eventarc-eur3-onvotewritten-024376-434","serviceAccountEmail":"559368532219-compute@developer.gserviceaccount.com","retryPolicy":"RETRY_POLICY_DO_NOT_RETRY"},"state":"ACTIVE","updateTime":"2026-06-10T21:09:41.533533261Z","labels":{"deployment-tool":"cli-firebase","firebase-functions-hash":"58bc90fba7d8efde8b8e46c871470bb8ba4e87a1"},"environment":"GEN_2","url":"https://us-central1-soccer-app-52b6b.cloudfunctions.net/onVoteWritten","createTime":"2026-04-28T14:03:56.226467611Z","satisfiesPzi":true},{"name":"projects/soccer-app-52b6b/locations/us-central1/functions/cronEvery60Min","buildConfig":{"build":"projects/559368532219/locations/us-central1/builds/344697fb-7387-4c73-a54e-40095af94330","runtime":"nodejs20","entryPoint":"cronEvery60Min","source":{"storageSource":{"bucket":"gcf-v2-sources-559368532219-us-central1","object":"cronEvery60Min/function-source.zip","generation":"1781125742701224"}},"environmentVariables":{"GOOGLE_NODE_RUN_SCRIPTS":""},"dockerRepository":"projects/soccer-app-52b6b/locations/us-central1/repositories/gcf-artifacts","sourceProvenance":{"resolvedStorageSource":{"bucket":"gcf-v2-sources-559368532219-us-central1","object":"cronEvery60Min/function-source.zip","generation":"1781125742701224"}},"dockerRegistry":"ARTIFACT_REGISTRY","serviceAccount":"projects/soccer-app-52b6b/serviceAccounts/559368532219-compute@developer.gserviceaccount.com","automaticUpdatePolicy":{}},"serviceConfig":{"service":"projects/soccer-app-52b6b/locations/us-central1/services/cronevery60min","timeoutSeconds":60,"environmentVariables":{"FIREBASE_CONFIG":"{\"projectId\":\"soccer-app-52b6b\",\"storageBucket\":\"soccer-app-52b6b.firebasestorage.app\"}","GCLOUD_PROJECT":"soccer-app-52b6b","EVENTARC_CLOUD_EVENT_SOURCE":"projects/soccer-app-52b6b/locations/us-central1/services/cronEvery60Min","FUNCTION_TARGET":"cronEvery60Min","LOG_EXECUTION_ID":"true","FUNCTION_SIGNATURE_TYPE":"http"},"maxInstanceCount":10,"ingressSettings":"ALLOW_ALL","uri":"https://cronevery60min-kqbqmfcrmq-uc.a.run.app","serviceAccountEmail":"559368532219-compute@developer.gserviceaccount.com","availableMemory":"256Mi","allTrafficOnLatestRevision":true,"revision":"cronevery60min-00003-qid","maxInstanceRequestConcurrency":80,"availableCpu":"1"},"state":"ACTIVE","updateTime":"2026-06-10T21:09:44.684242563Z","labels":{"deployment-tool":"cli-firebase","deployment-scheduled":"true","firebase-functions-hash":"58bc90fba7d8efde8b8e46c871470bb8ba4e87a1"},"environment":"GEN_2","url":"https://us-central1-soccer-app-52b6b.cloudfunctions.net/cronEvery60Min","createTime":"2026-06-01T18:32:34.160032350Z","satisfiesPzi":true},{"name":"projects/soccer-app-52b6b/locations/us-central1/functions/onGroupPendingChanged","buildConfig":{"build":"projects/559368532219/locations/us-central1/builds/344697fb-7387-4c73-a54e-40095af94330","runtime":"nodejs20","entryPoint":"onGroupPendingChanged","source":{"storageSource":{"bucket":"gcf-v2-sources-559368532219-us-central1","object":"onGroupPendingChanged/function-source.zip","generation":"1781125743830958"}},"environmentVariables":{"GOOGLE_NODE_RUN_SCRIPTS":""},"dockerRepository":"projects/soccer-app-52b6b/locations/us-central1/repositories/gcf-artifacts","sourceProvenance":{"resolvedStorageSource":{"bucket":"gcf-v2-sources-559368532219-us-central1","object":"onGroupPendingChanged/function-source.zip","generation":"1781125743830958"}},"dockerRegistry":"ARTIFACT_REGISTRY","serviceAccount":"projects/soccer-app-52b6b/serviceAccounts/559368532219-compute@developer.gserviceaccount.com","automaticUpdatePolicy":{}},"serviceConfig":{"service":"projects/soccer-app-52b6b/locations/us-central1/services/ongrouppendingchanged","timeoutSeconds":60,"environmentVariables":{"FIREBASE_CONFIG":"{\"projectId\":\"soccer-app-52b6b\",\"storageBucket\":\"soccer-app-52b6b.firebasestorage.app\"}","GCLOUD_PROJECT":"soccer-app-52b6b","EVENTARC_CLOUD_EVENT_SOURCE":"projects/soccer-app-52b6b/locations/us-central1/services/onGroupPendingChanged","FUNCTION_SIGNATURE_TYPE":"cloudevent","FUNCTION_TARGET":"onGroupPendingChanged","LOG_EXECUTION_ID":"true"},"maxInstanceCount":10,"ingressSettings":"ALLOW_ALL","uri":"https://ongrouppendingchanged-kqbqmfcrmq-uc.a.run.app","serviceAccountEmail":"559368532219-compute@developer.gserviceaccount.com","availableMemory":"256Mi","allTrafficOnLatestRevision":true,"revision":"ongrouppendingchanged-00021-gox","maxInstanceRequestConcurrency":80,"availableCpu":"1"},"eventTrigger":{"trigger":"projects/soccer-app-52b6b/locations/eur3/triggers/ongrouppendingchanged-309280","triggerRegion":"eur3","eventType":"google.cloud.firestore.document.v1.written","eventFilters":[{"attribute":"namespace","value":"(default)"},{"attribute":"document","value":"groups/{groupId}","operator":"match-path-pattern"},{"attribute":"database","value":"(default)"}],"pubsubTopic":"projects/soccer-app-52b6b/topics/eventarc-eur3-ongrouppendingchanged-309280-365","serviceAccountEmail":"559368532219-compute@developer.gserviceaccount.com","retryPolicy":"RETRY_POLICY_DO_NOT_RETRY"},"state":"ACTIVE","updateTime":"2026-06-10T21:09:49.106327208Z","labels":{"deployment-tool":"cli-firebase","firebase-functions-hash":"58bc90fba7d8efde8b8e46c871470bb8ba4e87a1"},"environment":"GEN_2","url":"https://us-central1-soccer-app-52b6b.cloudfunctions.net/onGroupPendingChanged","createTime":"2026-05-02T20:53:55.294506483Z","satisfiesPzi":true},{"name":"projects/soccer-app-52b6b/locations/us-central1/functions/trackCampaignEvent","buildConfig":{"build":"projects/559368532219/locations/us-central1/builds/344697fb-7387-4c73-a54e-40095af94330","runtime":"nodejs20","entryPoint":"trackCampaignEvent","source":{"storageSource":{"bucket":"gcf-v2-sources-559368532219-us-central1","object":"trackCampaignEvent/function-source.zip","generation":"1781125742715906"}},"environmentVariables":{"GOOGLE_NODE_RUN_SCRIPTS":""},"dockerRepository":"projects/soccer-app-52b6b/locations/us-central1/repositories/gcf-artifacts","sourceProvenance":{"resolvedStorageSource":{"bucket":"gcf-v2-sources-559368532219-us-central1","object":"trackCampaignEvent/function-source.zip","generation":"1781125742715906"}},"dockerRegistry":"ARTIFACT_REGISTRY","serviceAccount":"projects/soccer-app-52b6b/serviceAccounts/559368532219-compute@developer.gserviceaccount.com","automaticUpdatePolicy":{}},"serviceConfig":{"service":"projects/soccer-app-52b6b/locations/us-central1/services/trackcampaignevent","timeoutSeconds":60,"environmentVariables":{"FIREBASE_CONFIG":"{\"projectId\":\"soccer-app-52b6b\",\"storageBucket\":\"soccer-app-52b6b.firebasestorage.app\"}","GCLOUD_PROJECT":"soccer-app-52b6b","EVENTARC_CLOUD_EVENT_SOURCE":"projects/soccer-app-52b6b/locations/us-central1/services/trackCampaignEvent","FUNCTION_TARGET":"trackCampaignEvent","LOG_EXECUTION_ID":"true","FUNCTION_SIGNATURE_TYPE":"http"},"maxInstanceCount":10,"ingressSettings":"ALLOW_ALL","uri":"https://trackcampaignevent-kqbqmfcrmq-uc.a.run.app","serviceAccountEmail":"559368532219-compute@developer.gserviceaccount.com","availableMemory":"256Mi","allTrafficOnLatestRevision":true,"revision":"trackcampaignevent-00003-bob","maxInstanceRequestConcurrency":80,"availableCpu":"1"},"state":"ACTIVE","updateTime":"2026-06-10T21:09:42.783660710Z","labels":{"firebase-functions-hash":"58bc90fba7d8efde8b8e46c871470bb8ba4e87a1","deployment-tool":"cli-firebase","deployment-callable":"true"},"environment":"GEN_2","url":"https://us-central1-soccer-app-52b6b.cloudfunctions.net/trackCampaignEvent","createTime":"2026-06-04T17:45:23.766109588Z","satisfiesPzi":true},{"name":"projects/soccer-app-52b6b/locations/us-central1/functions/onGameChatMessage","buildConfig":{"build":"projects/559368532219/locations/us-central1/builds/2c345456-e5e1-48bc-b6c2-587e3a486321","runtime":"nodejs20","entryPoint":"onGameChatMessage","source":{"storageSource":{"bucket":"gcf-v2-sources-559368532219-us-central1","object":"onGameChatMessage/function-source.zip","generation":"1781424583116716"}},"environmentVariables":{"GOOGLE_NODE_RUN_SCRIPTS":""},"dockerRepository":"projects/soccer-app-52b6b/locations/us-central1/repositories/gcf-artifacts","sourceProvenance":{"resolvedStorageSource":{"bucket":"gcf-v2-sources-559368532219-us-central1","object":"onGameChatMessage/function-source.zip","generation":"1781424583116716"}},"dockerRegistry":"ARTIFACT_REGISTRY","serviceAccount":"projects/soccer-app-52b6b/serviceAccounts/559368532219-compute@developer.gserviceaccount.com","automaticUpdatePolicy":{}},"serviceConfig":{"service":"projects/soccer-app-52b6b/locations/us-central1/services/ongamechatmessage","timeoutSeconds":60,"environmentVariables":{"FIREBASE_CONFIG":"{\"projectId\":\"soccer-app-52b6b\",\"storageBucket\":\"soccer-app-52b6b.firebasestorage.app\"}","GCLOUD_PROJECT":"soccer-app-52b6b","EVENTARC_CLOUD_EVENT_SOURCE":"projects/soccer-app-52b6b/locations/us-central1/services/onGameChatMessage","FUNCTION_SIGNATURE_TYPE":"cloudevent","FUNCTION_TARGET":"onGameChatMessage","LOG_EXECUTION_ID":"true"},"ingressSettings":"ALLOW_ALL","uri":"https://ongamechatmessage-kqbqmfcrmq-uc.a.run.app","serviceAccountEmail":"559368532219-compute@developer.gserviceaccount.com","availableMemory":"256Mi","allTrafficOnLatestRevision":true,"revision":"ongamechatmessage-00001-muq","maxInstanceRequestConcurrency":80,"availableCpu":"1"},"eventTrigger":{"trigger":"projects/soccer-app-52b6b/locations/eur3/triggers/ongamechatmessage-081980","triggerRegion":"eur3","eventType":"google.cloud.firestore.document.v1.created","eventFilters":[{"attribute":"namespace","value":"(default)"},{"attribute":"document","value":"games/{gameId}/messages/{msgId}","operator":"match-path-pattern"},{"attribute":"database","value":"(default)"}],"pubsubTopic":"projects/soccer-app-52b6b/topics/eventarc-eur3-ongamechatmessage-081980-551","serviceAccountEmail":"559368532219-compute@developer.gserviceaccount.com","retryPolicy":"RETRY_POLICY_DO_NOT_RETRY"},"state":"ACTIVE","updateTime":"2026-06-14T08:11:42.655427527Z","labels":{"deployment-tool":"cli-firebase","firebase-functions-hash":"48c5b609647c8ef0471b0ae8927fd079032566f2"},"environment":"GEN_2","url":"https://us-central1-soccer-app-52b6b.cloudfunctions.net/onGameChatMessage","createTime":"2026-06-14T08:09:44.017203022Z","satisfiesPzi":true},{"name":"projects/soccer-app-52b6b/locations/us-central1/functions/getServerTime","buildConfig":{"build":"projects/559368532219/locations/us-central1/builds/5a788e7d-c7e4-49ce-91d8-a05412d1e5a6","runtime":"nodejs20","entryPoint":"getServerTime","source":{"storageSource":{"bucket":"gcf-v2-sources-559368532219-us-central1","object":"getServerTime/function-source.zip","generation":"1781298127478887"}},"environmentVariables":{"GOOGLE_NODE_RUN_SCRIPTS":""},"dockerRepository":"projects/soccer-app-52b6b/locations/us-central1/repositories/gcf-artifacts","sourceProvenance":{"resolvedStorageSource":{"bucket":"gcf-v2-sources-559368532219-us-central1","object":"getServerTime/function-source.zip","generation":"1781298127478887"}},"dockerRegistry":"ARTIFACT_REGISTRY","serviceAccount":"projects/soccer-app-52b6b/serviceAccounts/559368532219-compute@developer.gserviceaccount.com","automaticUpdatePolicy":{}},"serviceConfig":{"service":"projects/soccer-app-52b6b/locations/us-central1/services/getservertime","timeoutSeconds":60,"environmentVariables":{"FIREBASE_CONFIG":"{\"projectId\":\"soccer-app-52b6b\",\"storageBucket\":\"soccer-app-52b6b.firebasestorage.app\"}","GCLOUD_PROJECT":"soccer-app-52b6b","EVENTARC_CLOUD_EVENT_SOURCE":"projects/soccer-app-52b6b/locations/us-central1/services/getServerTime","FUNCTION_TARGET":"getServerTime","LOG_EXECUTION_ID":"true"},"maxInstanceCount":10,"ingressSettings":"ALLOW_ALL","uri":"https://getservertime-kqbqmfcrmq-uc.a.run.app","serviceAccountEmail":"559368532219-compute@developer.gserviceaccount.com","availableMemory":"256Mi","allTrafficOnLatestRevision":true,"revision":"getservertime-00001-fon","maxInstanceRequestConcurrency":80,"availableCpu":"1"},"state":"ACTIVE","updateTime":"2026-06-12T21:04:16.287990243Z","labels":{"firebase-functions-hash":"a5006e13496160e09a4746e46f6b297e444b3c35","deployment-tool":"cli-firebase","deployment-callable":"true"},"environment":"GEN_2","url":"https://us-central1-soccer-app-52b6b.cloudfunctions.net/getServerTime","createTime":"2026-06-12T21:02:07.820343728Z","satisfiesPzi":true},{"name":"projects/soccer-app-52b6b/locations/us-central1/functions/onCampaignCreated","buildConfig":{"build":"projects/559368532219/locations/us-central1/builds/344697fb-7387-4c73-a54e-40095af94330","runtime":"nodejs20","entryPoint":"onCampaignCreated","source":{"storageSource":{"bucket":"gcf-v2-sources-559368532219-us-central1","object":"onCampaignCreated/function-source.zip","generation":"1781125743395634"}},"environmentVariables":{"GOOGLE_NODE_RUN_SCRIPTS":""},"dockerRepository":"projects/soccer-app-52b6b/locations/us-central1/repositories/gcf-artifacts","sourceProvenance":{"resolvedStorageSource":{"bucket":"gcf-v2-sources-559368532219-us-central1","object":"onCampaignCreated/function-source.zip","generation":"1781125743395634"}},"dockerRegistry":"ARTIFACT_REGISTRY","serviceAccount":"projects/soccer-app-52b6b/serviceAccounts/559368532219-compute@developer.gserviceaccount.com","automaticUpdatePolicy":{}},"serviceConfig":{"service":"projects/soccer-app-52b6b/locations/us-central1/services/oncampaigncreated","timeoutSeconds":60,"environmentVariables":{"FIREBASE_CONFIG":"{\"projectId\":\"soccer-app-52b6b\",\"storageBucket\":\"soccer-app-52b6b.firebasestorage.app\"}","GCLOUD_PROJECT":"soccer-app-52b6b","EVENTARC_CLOUD_EVENT_SOURCE":"projects/soccer-app-52b6b/locations/us-central1/services/onCampaignCreated","FUNCTION_SIGNATURE_TYPE":"cloudevent","FUNCTION_TARGET":"onCampaignCreated","LOG_EXECUTION_ID":"true"},"maxInstanceCount":10,"ingressSettings":"ALLOW_ALL","uri":"https://oncampaigncreated-kqbqmfcrmq-uc.a.run.app","serviceAccountEmail":"559368532219-compute@developer.gserviceaccount.com","availableMemory":"256Mi","allTrafficOnLatestRevision":true,"revision":"oncampaigncreated-00007-sad","maxInstanceRequestConcurrency":80,"availableCpu":"1"},"eventTrigger":{"trigger":"projects/soccer-app-52b6b/locations/eur3/triggers/oncampaigncreated-899428","triggerRegion":"eur3","eventType":"google.cloud.firestore.document.v1.created","eventFilters":[{"attribute":"namespace","value":"(default)"},{"attribute":"document","value":"campaigns/{id}","operator":"match-path-pattern"},{"attribute":"database","value":"(default)"}],"pubsubTopic":"projects/soccer-app-52b6b/topics/eventarc-eur3-oncampaigncreated-899428-452","serviceAccountEmail":"559368532219-compute@developer.gserviceaccount.com","retryPolicy":"RETRY_POLICY_DO_NOT_RETRY"},"state":"ACTIVE","updateTime":"2026-06-10T21:09:46.037232083Z","labels":{"deployment-tool":"cli-firebase","firebase-functions-hash":"58bc90fba7d8efde8b8e46c871470bb8ba4e87a1"},"environment":"GEN_2","url":"https://us-central1-soccer-app-52b6b.cloudfunctions.net/onCampaignCreated","createTime":"2026-06-04T17:10:15.861819132Z","satisfiesPzi":true},{"name":"projects/soccer-app-52b6b/locations/us-central1/functions/updateShowcaseOnGroupChange","buildConfig":{"build":"projects/559368532219/locations/us-central1/builds/344697fb-7387-4c73-a54e-40095af94330","runtime":"nodejs20","entryPoint":"updateShowcaseOnGroupChange","source":{"storageSource":{"bucket":"gcf-v2-sources-559368532219-us-central1","object":"updateShowcaseOnGroupChange/function-source.zip","generation":"1781125743312372"}},"environmentVariables":{"GOOGLE_NODE_RUN_SCRIPTS":""},"dockerRepository":"projects/soccer-app-52b6b/locations/us-central1/repositories/gcf-artifacts","sourceProvenance":{"resolvedStorageSource":{"bucket":"gcf-v2-sources-559368532219-us-central1","object":"updateShowcaseOnGroupChange/function-source.zip","generation":"1781125743312372"}},"dockerRegistry":"ARTIFACT_REGISTRY","serviceAccount":"projects/soccer-app-52b6b/serviceAccounts/559368532219-compute@developer.gserviceaccount.com","automaticUpdatePolicy":{}},"serviceConfig":{"service":"projects/soccer-app-52b6b/locations/us-central1/services/updateshowcaseongroupchange","timeoutSeconds":60,"environmentVariables":{"FIREBASE_CONFIG":"{\"projectId\":\"soccer-app-52b6b\",\"storageBucket\":\"soccer-app-52b6b.firebasestorage.app\"}","GCLOUD_PROJECT":"soccer-app-52b6b","EVENTARC_CLOUD_EVENT_SOURCE":"projects/soccer-app-52b6b/locations/us-central1/services/updateShowcaseOnGroupChange","FUNCTION_SIGNATURE_TYPE":"cloudevent","FUNCTION_TARGET":"updateShowcaseOnGroupChange","LOG_EXECUTION_ID":"true"},"maxInstanceCount":10,"ingressSettings":"ALLOW_ALL","uri":"https://updateshowcaseongroupchange-kqbqmfcrmq-uc.a.run.app","serviceAccountEmail":"559368532219-compute@developer.gserviceaccount.com","availableMemory":"256Mi","allTrafficOnLatestRevision":true,"revision":"updateshowcaseongroupchange-00010-yaz","maxInstanceRequestConcurrency":80,"availableCpu":"1"},"eventTrigger":{"trigger":"projects/soccer-app-52b6b/locations/eur3/triggers/updateshowcaseongroupchange-430401","triggerRegion":"eur3","eventType":"google.cloud.firestore.document.v1.written","eventFilters":[{"attribute":"namespace","value":"(default)"},{"attribute":"document","value":"groups/{groupId}","operator":"match-path-pattern"},{"attribute":"database","value":"(default)"}],"pubsubTopic":"projects/soccer-app-52b6b/topics/eventarc-eur3-updateshowcaseongroupchange-430401-694","serviceAccountEmail":"559368532219-compute@developer.gserviceaccount.com","retryPolicy":"RETRY_POLICY_DO_NOT_RETRY"},"state":"ACTIVE","updateTime":"2026-06-10T21:09:48.173140737Z","labels":{"deployment-tool":"cli-firebase","firebase-functions-hash":"58bc90fba7d8efde8b8e46c871470bb8ba4e87a1"},"environment":"GEN_2","url":"https://us-central1-soccer-app-52b6b.cloudfunctions.net/updateShowcaseOnGroupChange","createTime":"2026-05-07T14:12:28.724706185Z","satisfiesPzi":true},{"name":"projects/soccer-app-52b6b/locations/us-central1/functions/serveCommunityPage","buildConfig":{"build":"projects/559368532219/locations/us-central1/builds/344697fb-7387-4c73-a54e-40095af94330","runtime":"nodejs20","entryPoint":"serveCommunityPage","source":{"storageSource":{"bucket":"gcf-v2-sources-559368532219-us-central1","object":"serveCommunityPage/function-source.zip","generation":"1781125743186500"}},"environmentVariables":{"GOOGLE_NODE_RUN_SCRIPTS":""},"dockerRepository":"projects/soccer-app-52b6b/locations/us-central1/repositories/gcf-artifacts","sourceProvenance":{"resolvedStorageSource":{"bucket":"gcf-v2-sources-559368532219-us-central1","object":"serveCommunityPage/function-source.zip","generation":"1781125743186500"}},"dockerRegistry":"ARTIFACT_REGISTRY","serviceAccount":"projects/soccer-app-52b6b/serviceAccounts/559368532219-compute@developer.gserviceaccount.com","automaticUpdatePolicy":{}},"serviceConfig":{"service":"projects/soccer-app-52b6b/locations/us-central1/services/servecommunitypage","timeoutSeconds":60,"environmentVariables":{"FIREBASE_CONFIG":"{\"projectId\":\"soccer-app-52b6b\",\"storageBucket\":\"soccer-app-52b6b.firebasestorage.app\"}","GCLOUD_PROJECT":"soccer-app-52b6b","EVENTARC_CLOUD_EVENT_SOURCE":"projects/soccer-app-52b6b/locations/us-central1/services/serveCommunityPage","FUNCTION_TARGET":"serveCommunityPage","LOG_EXECUTION_ID":"true","FUNCTION_SIGNATURE_TYPE":"http"},"maxInstanceCount":10,"ingressSettings":"ALLOW_ALL","uri":"https://servecommunitypage-kqbqmfcrmq-uc.a.run.app","serviceAccountEmail":"559368532219-compute@developer.gserviceaccount.com","availableMemory":"256Mi","allTrafficOnLatestRevision":true,"revision":"servecommunitypage-00020-nuk","maxInstanceRequestConcurrency":80,"availableCpu":"1"},"state":"ACTIVE","updateTime":"2026-06-10T21:09:44.272806101Z","labels":{"deployment-tool":"cli-firebase","firebase-functions-hash":"58bc90fba7d8efde8b8e46c871470bb8ba4e87a1"},"environment":"GEN_2","url":"https://us-central1-soccer-app-52b6b.cloudfunctions.net/serveCommunityPage","createTime":"2026-05-07T18:55:22.808907226Z","satisfiesPzi":true},{"name":"projects/soccer-app-52b6b/locations/us-central1/functions/ensurePersonalGroup","buildConfig":{"build":"projects/559368532219/locations/us-central1/builds/344697fb-7387-4c73-a54e-40095af94330","runtime":"nodejs20","entryPoint":"ensurePersonalGroup","source":{"storageSource":{"bucket":"gcf-v2-sources-559368532219-us-central1","object":"ensurePersonalGroup/function-source.zip","generation":"1781125743073950"}},"environmentVariables":{"GOOGLE_NODE_RUN_SCRIPTS":""},"dockerRepository":"projects/soccer-app-52b6b/locations/us-central1/repositories/gcf-artifacts","sourceProvenance":{"resolvedStorageSource":{"bucket":"gcf-v2-sources-559368532219-us-central1","object":"ensurePersonalGroup/function-source.zip","generation":"1781125743073950"}},"dockerRegistry":"ARTIFACT_REGISTRY","serviceAccount":"projects/soccer-app-52b6b/serviceAccounts/559368532219-compute@developer.gserviceaccount.com","automaticUpdatePolicy":{}},"serviceConfig":{"service":"projects/soccer-app-52b6b/locations/us-central1/services/ensurepersonalgroup","timeoutSeconds":60,"environmentVariables":{"FIREBASE_CONFIG":"{\"projectId\":\"soccer-app-52b6b\",\"storageBucket\":\"soccer-app-52b6b.firebasestorage.app\"}","GCLOUD_PROJECT":"soccer-app-52b6b","EVENTARC_CLOUD_EVENT_SOURCE":"projects/soccer-app-52b6b/locations/us-central1/services/ensurePersonalGroup","FUNCTION_TARGET":"ensurePersonalGroup","LOG_EXECUTION_ID":"true","FUNCTION_SIGNATURE_TYPE":"http"},"maxInstanceCount":10,"ingressSettings":"ALLOW_ALL","uri":"https://ensurepersonalgroup-kqbqmfcrmq-uc.a.run.app","serviceAccountEmail":"559368532219-compute@developer.gserviceaccount.com","availableMemory":"256Mi","allTrafficOnLatestRevision":true,"revision":"ensurepersonalgroup-00009-niv","maxInstanceRequestConcurrency":80,"availableCpu":"1"},"state":"ACTIVE","updateTime":"2026-06-10T21:09:46.496562607Z","labels":{"deployment-callable":"true","firebase-functions-hash":"58bc90fba7d8efde8b8e46c871470bb8ba4e87a1","deployment-tool":"cli-firebase"},"environment":"GEN_2","url":"https://us-central1-soccer-app-52b6b.cloudfunctions.net/ensurePersonalGroup","createTime":"2026-05-10T04:13:06.897701093Z","satisfiesPzi":true}]}
[debug] [2026-06-14T19:29:19.530Z] Checked if tokens are valid: true, expires at: 1781468943076
[debug] [2026-06-14T19:29:19.530Z] Checked if tokens are valid: true, expires at: 1781468943076
[debug] [2026-06-14T19:29:19.530Z] >>> [apiv2][query] GET https://firestore.googleapis.com/v1/projects/soccer-app-52b6b/databases/(default) [none]
[debug] [2026-06-14T19:29:20.081Z] <<< [apiv2][status] GET https://firestore.googleapis.com/v1/projects/soccer-app-52b6b/databases/(default) 200
[debug] [2026-06-14T19:29:20.081Z] <<< [apiv2][body] GET https://firestore.googleapis.com/v1/projects/soccer-app-52b6b/databases/(default) {"name":"projects/soccer-app-52b6b/databases/(default)","uid":"3e5a07b9-8dc8-46f4-b12c-a78866099e7d","createTime":"2026-04-26T19:07:09.817718Z","updateTime":"2026-04-26T19:07:09.817718Z","locationId":"eur3","type":"FIRESTORE_NATIVE","concurrencyMode":"PESSIMISTIC","versionRetentionPeriod":"3600s","earliestVersionTime":"2026-06-14T18:29:20.182009Z","appEngineIntegrationMode":"DISABLED","keyPrefix":"e","pointInTimeRecoveryEnablement":"POINT_IN_TIME_RECOVERY_DISABLED","deleteProtectionState":"DELETE_PROTECTION_DISABLED","databaseEdition":"STANDARD","freeTier":true,"realtimeUpdatesMode":"REALTIME_UPDATES_MODE_ENABLED","etag":"IJ7Q5M+7h5UDMJ6q87fhppQD"}
[info] i  functions: ensuring required API cloudtasks.googleapis.com is enabled... 
[info] i  functions: ensuring required API cloudscheduler.googleapis.com is enabled... 
[info] i  functions: ensuring required API run.googleapis.com is enabled... 
[info] i  functions: ensuring required API eventarc.googleapis.com is enabled... 
[info] i  functions: ensuring required API pubsub.googleapis.com is enabled... 
[info] i  functions: ensuring required API storage.googleapis.com is enabled... 
[info] i  functions: generating the service identity for pubsub.googleapis.com... 
[debug] [2026-06-14T19:29:20.084Z] Checked if tokens are valid: true, expires at: 1781468943076
[debug] [2026-06-14T19:29:20.084Z] Checked if tokens are valid: true, expires at: 1781468943076
[info] i  functions: generating the service identity for eventarc.googleapis.com... 
[debug] [2026-06-14T19:29:20.084Z] Checked if tokens are valid: true, expires at: 1781468943076
[debug] [2026-06-14T19:29:20.084Z] Checked if tokens are valid: true, expires at: 1781468943076
[debug] [2026-06-14T19:29:20.084Z] >>> [apiv2][query] POST https://serviceusage.googleapis.com/v1beta1/projects/559368532219/services/pubsub.googleapis.com:generateServiceIdentity [none]
[debug] [2026-06-14T19:29:20.084Z] >>> [apiv2][(partial)header] POST https://serviceusage.googleapis.com/v1beta1/projects/559368532219/services/pubsub.googleapis.com:generateServiceIdentity  x-goog-user-project=559368532219
[debug] [2026-06-14T19:29:20.084Z] >>> [apiv2][body] POST https://serviceusage.googleapis.com/v1beta1/projects/559368532219/services/pubsub.googleapis.com:generateServiceIdentity {}
[debug] [2026-06-14T19:29:20.085Z] >>> [apiv2][query] POST https://serviceusage.googleapis.com/v1beta1/projects/559368532219/services/eventarc.googleapis.com:generateServiceIdentity [none]
[debug] [2026-06-14T19:29:20.085Z] >>> [apiv2][(partial)header] POST https://serviceusage.googleapis.com/v1beta1/projects/559368532219/services/eventarc.googleapis.com:generateServiceIdentity  x-goog-user-project=559368532219
[debug] [2026-06-14T19:29:20.085Z] >>> [apiv2][body] POST https://serviceusage.googleapis.com/v1beta1/projects/559368532219/services/eventarc.googleapis.com:generateServiceIdentity {}
[debug] [2026-06-14T19:29:20.628Z] <<< [apiv2][status] POST https://serviceusage.googleapis.com/v1beta1/projects/559368532219/services/eventarc.googleapis.com:generateServiceIdentity 200
[debug] [2026-06-14T19:29:20.628Z] <<< [apiv2][body] POST https://serviceusage.googleapis.com/v1beta1/projects/559368532219/services/eventarc.googleapis.com:generateServiceIdentity {"name":"operations/finished.DONE_OPERATION","done":true,"response":{"@type":"type.googleapis.com/google.api.serviceusage.v1beta1.ServiceIdentity","email":"service-559368532219@gcp-sa-eventarc.iam.gserviceaccount.com","uniqueId":"109469442694480573591"}}
[debug] [2026-06-14T19:29:21.200Z] <<< [apiv2][status] POST https://serviceusage.googleapis.com/v1beta1/projects/559368532219/services/pubsub.googleapis.com:generateServiceIdentity 200
[debug] [2026-06-14T19:29:21.200Z] <<< [apiv2][body] POST https://serviceusage.googleapis.com/v1beta1/projects/559368532219/services/pubsub.googleapis.com:generateServiceIdentity {"name":"operations/finished.DONE_OPERATION","done":true,"response":{"@type":"type.googleapis.com/google.api.serviceusage.v1beta1.ServiceIdentity","email":"service-559368532219@gcp-sa-pubsub.iam.gserviceaccount.com","uniqueId":"102109293499530577808"}}
[info] i  functions: ensuring required API secretmanager.googleapis.com is enabled... 
[debug] [2026-06-14T19:29:21.202Z] Checked if tokens are valid: true, expires at: 1781468943076
[debug] [2026-06-14T19:29:21.202Z] Checked if tokens are valid: true, expires at: 1781468943076
[debug] [2026-06-14T19:29:21.202Z] Checked if tokens are valid: true, expires at: 1781468943076
[debug] [2026-06-14T19:29:21.202Z] Checked if tokens are valid: true, expires at: 1781468943076
[debug] [2026-06-14T19:29:21.202Z] >>> [apiv2][query] GET https://secretmanager.googleapis.com/v1/projects/soccer-app-52b6b/secrets/ASC_P8/versions/latest [none]
[debug] [2026-06-14T19:29:21.203Z] >>> [apiv2][query] GET https://secretmanager.googleapis.com/v1/projects/soccer-app-52b6b/secrets/PLAY_SA/versions/latest [none]
[debug] [2026-06-14T19:29:21.438Z] <<< [apiv2][status] GET https://secretmanager.googleapis.com/v1/projects/soccer-app-52b6b/secrets/ASC_P8/versions/latest 200
[debug] [2026-06-14T19:29:21.438Z] <<< [apiv2][body] GET https://secretmanager.googleapis.com/v1/projects/soccer-app-52b6b/secrets/ASC_P8/versions/latest {"name":"projects/559368532219/secrets/ASC_P8/versions/1","createTime":"2026-06-03T18:26:30.773700Z","state":"ENABLED","replicationStatus":{"automatic":{}},"etag":"\"16535d910b6fc4\""}
[debug] [2026-06-14T19:29:21.438Z] Resolved secret version of ASC_P8 to 1.
[debug] [2026-06-14T19:29:21.801Z] <<< [apiv2][status] GET https://secretmanager.googleapis.com/v1/projects/soccer-app-52b6b/secrets/PLAY_SA/versions/latest 200
[debug] [2026-06-14T19:29:21.801Z] <<< [apiv2][body] GET https://secretmanager.googleapis.com/v1/projects/soccer-app-52b6b/secrets/PLAY_SA/versions/latest {"name":"projects/559368532219/secrets/PLAY_SA/versions/1","createTime":"2026-06-03T18:26:36.678898Z","state":"ENABLED","replicationStatus":{"automatic":{}},"etag":"\"16535d91658af2\""}
[debug] [2026-06-14T19:29:21.802Z] Resolved secret version of PLAY_SA to 1.
[debug] [2026-06-14T19:29:21.802Z] Checked if tokens are valid: true, expires at: 1781468943076
[debug] [2026-06-14T19:29:21.803Z] Checked if tokens are valid: true, expires at: 1781468943076
[debug] [2026-06-14T19:29:21.803Z] >>> [apiv2][query] GET https://cloudresourcemanager.googleapis.com/v1/projects/soccer-app-52b6b [none]
[debug] [2026-06-14T19:29:22.786Z] <<< [apiv2][status] GET https://cloudresourcemanager.googleapis.com/v1/projects/soccer-app-52b6b 200
[debug] [2026-06-14T19:29:22.787Z] <<< [apiv2][body] GET https://cloudresourcemanager.googleapis.com/v1/projects/soccer-app-52b6b {"projectNumber":"559368532219","projectId":"soccer-app-52b6b","lifecycleState":"ACTIVE","name":"Soccer App","labels":{"firebase":"enabled","firebase-core":"disabled"},"createTime":"2026-04-26T19:03:08.742Z"}
[debug] [2026-06-14T19:29:22.787Z] Checked if tokens are valid: true, expires at: 1781468943076
[debug] [2026-06-14T19:29:22.787Z] Checked if tokens are valid: true, expires at: 1781468943076
[debug] [2026-06-14T19:29:22.787Z] >>> [apiv2][query] GET https://compute.googleapis.com/compute/v1/projects/559368532219 [none]
[debug] [2026-06-14T19:29:23.077Z] <<< [apiv2][status] GET https://compute.googleapis.com/compute/v1/projects/559368532219 403
[debug] [2026-06-14T19:29:23.077Z] <<< [apiv2][body] GET https://compute.googleapis.com/compute/v1/projects/559368532219 {"error":{"code":403,"message":"Compute Engine API has not been used in project 559368532219 before or it is disabled. Enable it by visiting https://console.developers.google.com/apis/api/compute.googleapis.com/overview?project=559368532219 then retry. If you enabled this API recently, wait a few minutes for the action to propagate to our systems and retry.","errors":[{"message":"Compute Engine API has not been used in project 559368532219 before or it is disabled. Enable it by visiting https://console.developers.google.com/apis/api/compute.googleapis.com/overview?project=559368532219 then retry. If you enabled this API recently, wait a few minutes for the action to propagate to our systems and retry.","domain":"usageLimits","reason":"accessNotConfigured","extendedHelp":"https://console.developers.google.com"}],"status":"PERMISSION_DENIED","details":[{"@type":"type.googleapis.com/google.rpc.ErrorInfo","reason":"SERVICE_DISABLED","domain":"googleapis.com","metadata":{"serviceTitle":"Compute Engine API","service":"compute.googleapis.com","consumer":"projects/559368532219","activationUrl":"https://console.developers.google.com/apis/api/compute.googleapis.com/overview?project=559368532219","containerInfo":"559368532219"}},{"@type":"type.googleapis.com/google.rpc.LocalizedMessage","locale":"en-US","message":"Compute Engine API has not been used in project 559368532219 before or it is disabled. Enable it by visiting https://console.developers.google.com/apis/api/compute.googleapis.com/overview?project=559368532219 then retry. If you enabled this API recently, wait a few minutes for the action to propagate to our systems and retry."},{"@type":"type.googleapis.com/google.rpc.Help","links":[{"description":"Google developers console API activation","url":"https://console.developers.google.com/apis/api/compute.googleapis.com/overview?project=559368532219"}]}]}}
[debug] [2026-06-14T19:29:23.078Z] unable to look up default compute service account. Falling back to 559368532219-compute@developer.gserviceaccount.com. Error: {"name":"FirebaseError","children":[],"context":{"body":{"error":{"code":403,"message":"Compute Engine API has not been used in project 559368532219 before or it is disabled. Enable it by visiting https://console.developers.google.com/apis/api/compute.googleapis.com/overview?project=559368532219 then retry. If you enabled this API recently, wait a few minutes for the action to propagate to our systems and retry.","errors":[{"message":"Compute Engine API has not been used in project 559368532219 before or it is disabled. Enable it by visiting https://console.developers.google.com/apis/api/compute.googleapis.com/overview?project=559368532219 then retry. If you enabled this API recently, wait a few minutes for the action to propagate to our systems and retry.","domain":"usageLimits","reason":"accessNotConfigured","extendedHelp":"https://console.developers.google.com"}],"status":"PERMISSION_DENIED","details":[{"@type":"type.googleapis.com/google.rpc.ErrorInfo","reason":"SERVICE_DISABLED","domain":"googleapis.com","metadata":{"serviceTitle":"Compute Engine API","service":"compute.googleapis.com","consumer":"projects/559368532219","activationUrl":"https://console.developers.google.com/apis/api/compute.googleapis.com/overview?project=559368532219","containerInfo":"559368532219"}},{"@type":"type.googleapis.com/google.rpc.LocalizedMessage","locale":"en-US","message":"Compute Engine API has not been used in project 559368532219 before or it is disabled. Enable it by visiting https://console.developers.google.com/apis/api/compute.googleapis.com/overview?project=559368532219 then retry. If you enabled this API recently, wait a few minutes for the action to propagate to our systems and retry."},{"@type":"type.googleapis.com/google.rpc.Help","links":[{"description":"Google developers console API activation","url":"https://console.developers.google.com/apis/api/compute.googleapis.com/overview?project=559368532219"}]}]}},"response":{"statusCode":403}},"exit":1,"message":"Request to https://compute.googleapis.com/compute/v1/projects/559368532219 had HTTP Error: 403, Compute Engine API has not been used in project 559368532219 before or it is disabled. Enable it by visiting https://console.developers.google.com/apis/api/compute.googleapis.com/overview?project=559368532219 then retry. If you enabled this API recently, wait a few minutes for the action to propagate to our systems and retry.","status":403}
[debug] [2026-06-14T19:29:23.079Z] Checked if tokens are valid: true, expires at: 1781468943076
[debug] [2026-06-14T19:29:23.079Z] Checked if tokens are valid: true, expires at: 1781468943076
[debug] [2026-06-14T19:29:23.079Z] >>> [apiv2][query] GET https://cloudbilling.googleapis.com/v1/projects/soccer-app-52b6b/billingInfo [none]
[debug] [2026-06-14T19:29:23.564Z] <<< [apiv2][status] GET https://cloudbilling.googleapis.com/v1/projects/soccer-app-52b6b/billingInfo 200
[debug] [2026-06-14T19:29:23.564Z] <<< [apiv2][body] GET https://cloudbilling.googleapis.com/v1/projects/soccer-app-52b6b/billingInfo {"name":"projects/soccer-app-52b6b/billingInfo","projectId":"soccer-app-52b6b","billingAccountName":"billingAccounts/01BE82-3DAEB5-5371BD","billingEnabled":true}
[debug] [2026-06-14T19:29:23.565Z] Checked if tokens are valid: true, expires at: 1781468943076
[debug] [2026-06-14T19:29:23.565Z] Checked if tokens are valid: true, expires at: 1781468943076
[debug] [2026-06-14T19:29:23.565Z] >>> [apiv2][query] POST https://cloudfunctions.googleapis.com/v2/projects/soccer-app-52b6b/locations/us-central1/functions:generateUploadUrl [none]
[debug] [2026-06-14T19:29:24.411Z] <<< [apiv2][status] POST https://cloudfunctions.googleapis.com/v2/projects/soccer-app-52b6b/locations/us-central1/functions:generateUploadUrl 200
[debug] [2026-06-14T19:29:24.412Z] <<< [apiv2][body] POST https://cloudfunctions.googleapis.com/v2/projects/soccer-app-52b6b/locations/us-central1/functions:generateUploadUrl {"uploadUrl":"https://storage.googleapis.com/gcf-v2-uploads-559368532219.us-central1.cloudfunctions.appspot.com/e39dc6e6-6586-44bb-8b95-e5ba338a65e8.zip?GoogleAccessId=service-559368532219@gcf-admin-robot.iam.gserviceaccount.com&Expires=1781467164&Signature=AhcglnA%2FdonE5yMYr4pVGSgQW4kZJrDFTVoes5oqdknlB%2Bl%2B47PaRrNU8SGrrIzT68ev0UrhIxxxl0R55gAUCTlnnAqK6jOSG3758LR22P2xikQl3jd%2FGKKlOhaTQaeUvDWNwJldDIticZY9JhNGZZNY5kJSqyehM3dOaofzd6oREYQ6YEKc2SaLew9ES%2Bh9s5eDeEStx%2FitUwdRoLnfDLWxoO%2FB69khR9RCFFMm2TgWvp%2B921dFS533x3qW6V28cjxXHESV3jr0uk2k7Xpy0urBLE3DAZH5oSbQo0vQgUDi8UqEHprqPdXSEqWlcC4p1kxeu7pYpMX1PSLu%2BJ02rw%3D%3D","storageSource":{"bucket":"gcf-v2-uploads-559368532219.us-central1.cloudfunctions.appspot.com","object":"e39dc6e6-6586-44bb-8b95-e5ba338a65e8.zip"}}
[debug] [2026-06-14T19:29:24.413Z] >>> [apiv2][query] PUT https://storage.googleapis.com/gcf-v2-uploads-559368532219.us-central1.cloudfunctions.appspot.com/e39dc6e6-6586-44bb-8b95-e5ba338a65e8.zip GoogleAccessId=service-559368532219%40gcf-admin-robot.iam.gserviceaccount.com&Expires=1781467164&Signature=AhcglnA%2FdonE5yMYr4pVGSgQW4kZJrDFTVoes5oqdknlB%2Bl%2B47PaRrNU8SGrrIzT68ev0UrhIxxxl0R55gAUCTlnnAqK6jOSG3758LR22P2xikQl3jd%2FGKKlOhaTQaeUvDWNwJldDIticZY9JhNGZZNY5kJSqyehM3dOaofzd6oREYQ6YEKc2SaLew9ES%2Bh9s5eDeEStx%2FitUwdRoLnfDLWxoO%2FB69khR9RCFFMm2TgWvp%2B921dFS533x3qW6V28cjxXHESV3jr0uk2k7Xpy0urBLE3DAZH5oSbQo0vQgUDi8UqEHprqPdXSEqWlcC4p1kxeu7pYpMX1PSLu%2BJ02rw%3D%3D
[debug] [2026-06-14T19:29:24.413Z] >>> [apiv2][body] PUT https://storage.googleapis.com/gcf-v2-uploads-559368532219.us-central1.cloudfunctions.appspot.com/e39dc6e6-6586-44bb-8b95-e5ba338a65e8.zip [stream]
[debug] [2026-06-14T19:29:25.819Z] <<< [apiv2][status] PUT https://storage.googleapis.com/gcf-v2-uploads-559368532219.us-central1.cloudfunctions.appspot.com/e39dc6e6-6586-44bb-8b95-e5ba338a65e8.zip 200
[debug] [2026-06-14T19:29:25.819Z] <<< [apiv2][body] PUT https://storage.googleapis.com/gcf-v2-uploads-559368532219.us-central1.cloudfunctions.appspot.com/e39dc6e6-6586-44bb-8b95-e5ba338a65e8.zip [omitted]
[info] ✔  functions: functions source uploaded successfully 
[info] i  functions: updating Node.js 20 (2nd Gen) function cronEvery15Min(us-central1)... 
[debug] [2026-06-14T19:29:25.823Z] Checked if tokens are valid: true, expires at: 1781468943076
[debug] [2026-06-14T19:29:25.823Z] Checked if tokens are valid: true, expires at: 1781468943076
[debug] [2026-06-14T19:29:25.823Z] >>> [apiv2][query] PATCH https://cloudfunctions.googleapis.com/v2/projects/soccer-app-52b6b/locations/us-central1/functions/cronEvery15Min updateMask=name%2CbuildConfig.runtime%2CbuildConfig.entryPoint%2CbuildConfig.source.storageSource.bucket%2CbuildConfig.source.storageSource.object%2CbuildConfig.environmentVariables%2CbuildConfig.sourceToken%2CserviceConfig.environmentVariables%2CserviceConfig.secretEnvironmentVariables%2CserviceConfig.ingressSettings%2CserviceConfig.timeoutSeconds%2CserviceConfig.serviceAccountEmail%2CserviceConfig.availableMemory%2CserviceConfig.minInstanceCount%2CserviceConfig.maxInstanceCount%2CserviceConfig.maxInstanceRequestConcurrency%2CserviceConfig.availableCpu%2CserviceConfig.vpcConnector%2CserviceConfig.vpcConnectorEgressSettings%2CserviceConfig.directVpcNetworkInterface%2CserviceConfig.directVpcEgress%2Clabels
[debug] [2026-06-14T19:29:25.823Z] >>> [apiv2][body] PATCH https://cloudfunctions.googleapis.com/v2/projects/soccer-app-52b6b/locations/us-central1/functions/cronEvery15Min {"name":"projects/soccer-app-52b6b/locations/us-central1/functions/cronEvery15Min","buildConfig":{"runtime":"nodejs20","entryPoint":"cronEvery15Min","source":{"storageSource":{"bucket":"gcf-v2-uploads-559368532219.us-central1.cloudfunctions.appspot.com","object":"e39dc6e6-6586-44bb-8b95-e5ba338a65e8.zip"}},"environmentVariables":{"GOOGLE_NODE_RUN_SCRIPTS":""}},"serviceConfig":{"environmentVariables":{"FIREBASE_CONFIG":"{\"projectId\":\"soccer-app-52b6b\",\"storageBucket\":\"soccer-app-52b6b.firebasestorage.app\"}","GCLOUD_PROJECT":"soccer-app-52b6b","EVENTARC_CLOUD_EVENT_SOURCE":"projects/soccer-app-52b6b/locations/us-central1/services/cronEvery15Min","FUNCTION_TARGET":"cronEvery15Min","LOG_EXECUTION_ID":"true","FUNCTION_SIGNATURE_TYPE":"http"},"secretEnvironmentVariables":[{"key":"ASC_P8","secret":"ASC_P8","projectId":"soccer-app-52b6b","version":"1"},{"key":"PLAY_SA","secret":"PLAY_SA","projectId":"soccer-app-52b6b","version":"1"}],"ingressSettings":null,"timeoutSeconds":540,"serviceAccountEmail":null,"availableMemory":"512Mi","minInstanceCount":null,"maxInstanceCount":10,"maxInstanceRequestConcurrency":80,"availableCpu":"1","vpcConnector":null,"vpcConnectorEgressSettings":null,"directVpcNetworkInterface":null,"directVpcEgress":null},"labels":{"deployment-tool":"cli-firebase","deployment-scheduled":"true","firebase-functions-hash":"cd3fc7d57279e11779f336036fabb985ce500cb8"}}
[debug] [2026-06-14T19:29:27.624Z] <<< [apiv2][status] PATCH https://cloudfunctions.googleapis.com/v2/projects/soccer-app-52b6b/locations/us-central1/functions/cronEvery15Min 200
[debug] [2026-06-14T19:29:27.625Z] <<< [apiv2][body] PATCH https://cloudfunctions.googleapis.com/v2/projects/soccer-app-52b6b/locations/us-central1/functions/cronEvery15Min {"name":"projects/soccer-app-52b6b/locations/us-central1/operations/operation-1781465366634-6543bba5b9e88-128113bb-34ff22a6","metadata":{"@type":"type.googleapis.com/google.cloud.functions.v2.OperationMetadata","createTime":"2026-06-14T19:29:27.651959117Z","target":"projects/soccer-app-52b6b/locations/us-central1/functions/cronEvery15Min","verb":"update","cancelRequested":false,"apiVersion":"v2"},"done":false}
[debug] [2026-06-14T19:29:27.625Z] Checked if tokens are valid: true, expires at: 1781468943076
[debug] [2026-06-14T19:29:27.625Z] Checked if tokens are valid: true, expires at: 1781468943076
[debug] [2026-06-14T19:29:27.625Z] >>> [apiv2][query] GET https://cloudfunctions.googleapis.com/v2/projects/soccer-app-52b6b/locations/us-central1/operations/operation-1781465366634-6543bba5b9e88-128113bb-34ff22a6 [none]
[debug] [2026-06-14T19:29:28.385Z] <<< [apiv2][status] GET https://cloudfunctions.googleapis.com/v2/projects/soccer-app-52b6b/locations/us-central1/operations/operation-1781465366634-6543bba5b9e88-128113bb-34ff22a6 200
[debug] [2026-06-14T19:29:28.385Z] <<< [apiv2][body] GET https://cloudfunctions.googleapis.com/v2/projects/soccer-app-52b6b/locations/us-central1/operations/operation-1781465366634-6543bba5b9e88-128113bb-34ff22a6 {"name":"projects/soccer-app-52b6b/locations/us-central1/operations/operation-1781465366634-6543bba5b9e88-128113bb-34ff22a6","metadata":{"@type":"type.googleapis.com/google.cloud.functions.v2.OperationMetadata","createTime":"2026-06-14T19:29:27.651959117Z","target":"projects/soccer-app-52b6b/locations/us-central1/functions/cronEvery15Min","verb":"update","cancelRequested":false,"apiVersion":"v2","requestResource":{"@type":"type.googleapis.com/google.cloud.functions.v2.Function","name":"projects/soccer-app-52b6b/locations/us-central1/functions/cronEvery15Min","buildConfig":{"runtime":"nodejs20","entryPoint":"cronEvery15Min","source":{"storageSource":{"bucket":"gcf-v2-sources-559368532219-us-central1","object":"cronEvery15Min/function-source.zip","generation":"1781465367597177"}},"environmentVariables":{"GOOGLE_NODE_RUN_SCRIPTS":""},"dockerRepository":"projects/soccer-app-52b6b/locations/us-central1/repositories/gcf-artifacts","sourceProvenance":{"resolvedStorageSource":{"bucket":"gcf-v2-sources-559368532219-us-central1","object":"cronEvery15Min/function-source.zip","generation":"1781125743128019"}},"dockerRegistry":"ARTIFACT_REGISTRY","serviceAccount":"projects/soccer-app-52b6b/serviceAccounts/559368532219-compute@developer.gserviceaccount.com","automaticUpdatePolicy":{}},"serviceConfig":{"service":"projects/soccer-app-52b6b/locations/us-central1/services/cronevery15min","timeoutSeconds":540,"environmentVariables":{"FIREBASE_CONFIG":"{\"projectId\":\"soccer-app-52b6b\",\"storageBucket\":\"soccer-app-52b6b.firebasestorage.app\"}","GCLOUD_PROJECT":"soccer-app-52b6b","EVENTARC_CLOUD_EVENT_SOURCE":"projects/soccer-app-52b6b/locations/us-central1/services/cronEvery15Min","FUNCTION_TARGET":"cronEvery15Min","LOG_EXECUTION_ID":"true","FUNCTION_SIGNATURE_TYPE":"http"},"maxInstanceCount":10,"ingressSettings":"ALLOW_ALL","uri":"https://cronevery15min-kqbqmfcrmq-uc.a.run.app","serviceAccountEmail":"559368532219-compute@developer.gserviceaccount.com","availableMemory":"512Mi","allTrafficOnLatestRevision":true,"secretEnvironmentVariables":[{"key":"ASC_P8","projectId":"soccer-app-52b6b","secret":"ASC_P8","version":"1"},{"key":"PLAY_SA","projectId":"soccer-app-52b6b","secret":"PLAY_SA","version":"1"}],"revision":"cronevery15min-00007-muq","maxInstanceRequestConcurrency":80,"availableCpu":"1"},"state":"ACTIVE","labels":{"deployment-tool":"cli-firebase","deployment-scheduled":"true","firebase-functions-hash":"cd3fc7d57279e11779f336036fabb985ce500cb8"},"environment":"GEN_2","url":"https://us-central1-soccer-app-52b6b.cloudfunctions.net/cronEvery15Min","satisfiesPzi":true},"stages":[{"name":"BUILD","message":"Creating build","state":"IN_PROGRESS","resource":"projects/559368532219/locations/us-central1/builds/0c3491a4-b2dc-4690-8b8d-17d4cebdd6be","resourceUri":"https://console.cloud.google.com/cloud-build/builds;region=us-central1/0c3491a4-b2dc-4690-8b8d-17d4cebdd6be?project=559368532219"},{"name":"SERVICE","state":"NOT_STARTED"}],"operationType":"UPDATE_FUNCTION","buildName":"projects/559368532219/locations/us-central1/builds/0c3491a4-b2dc-4690-8b8d-17d4cebdd6be"},"done":false}
[debug] [2026-06-14T19:29:28.887Z] [update-default-us-central1-cronEvery15Min] Retrying task index 0
[debug] [2026-06-14T19:29:28.887Z] Checked if tokens are valid: true, expires at: 1781468943076
[debug] [2026-06-14T19:29:28.887Z] Checked if tokens are valid: true, expires at: 1781468943076
[debug] [2026-06-14T19:29:28.888Z] >>> [apiv2][query] GET https://cloudfunctions.googleapis.com/v2/projects/soccer-app-52b6b/locations/us-central1/operations/operation-1781465366634-6543bba5b9e88-128113bb-34ff22a6 [none]
[debug] [2026-06-14T19:29:29.648Z] <<< [apiv2][status] GET https://cloudfunctions.googleapis.com/v2/projects/soccer-app-52b6b/locations/us-central1/operations/operation-1781465366634-6543bba5b9e88-128113bb-34ff22a6 200
[debug] [2026-06-14T19:29:29.648Z] <<< [apiv2][body] GET https://cloudfunctions.googleapis.com/v2/projects/soccer-app-52b6b/locations/us-central1/operations/operation-1781465366634-6543bba5b9e88-128113bb-34ff22a6 {"name":"projects/soccer-app-52b6b/locations/us-central1/operations/operation-1781465366634-6543bba5b9e88-128113bb-34ff22a6","metadata":{"@type":"type.googleapis.com/google.cloud.functions.v2.OperationMetadata","createTime":"2026-06-14T19:29:27.651959117Z","target":"projects/soccer-app-52b6b/locations/us-central1/functions/cronEvery15Min","verb":"update","cancelRequested":false,"apiVersion":"v2","requestResource":{"@type":"type.googleapis.com/google.cloud.functions.v2.Function","name":"projects/soccer-app-52b6b/locations/us-central1/functions/cronEvery15Min","buildConfig":{"runtime":"nodejs20","entryPoint":"cronEvery15Min","source":{"storageSource":{"bucket":"gcf-v2-sources-559368532219-us-central1","object":"cronEvery15Min/function-source.zip","generation":"1781465367597177"}},"environmentVariables":{"GOOGLE_NODE_RUN_SCRIPTS":""},"dockerRepository":"projects/soccer-app-52b6b/locations/us-central1/repositories/gcf-artifacts","sourceProvenance":{"resolvedStorageSource":{"bucket":"gcf-v2-sources-559368532219-us-central1","object":"cronEvery15Min/function-source.zip","generation":"1781125743128019"}},"dockerRegistry":"ARTIFACT_REGISTRY","serviceAccount":"projects/soccer-app-52b6b/serviceAccounts/559368532219-compute@developer.gserviceaccount.com","automaticUpdatePolicy":{}},"serviceConfig":{"service":"projects/soccer-app-52b6b/locations/us-central1/services/cronevery15min","timeoutSeconds":540,"environmentVariables":{"FIREBASE_CONFIG":"{\"projectId\":\"soccer-app-52b6b\",\"storageBucket\":\"soccer-app-52b6b.firebasestorage.app\"}","GCLOUD_PROJECT":"soccer-app-52b6b","EVENTARC_CLOUD_EVENT_SOURCE":"projects/soccer-app-52b6b/locations/us-central1/services/cronEvery15Min","FUNCTION_TARGET":"cronEvery15Min","LOG_EXECUTION_ID":"true","FUNCTION_SIGNATURE_TYPE":"http"},"maxInstanceCount":10,"ingressSettings":"ALLOW_ALL","uri":"https://cronevery15min-kqbqmfcrmq-uc.a.run.app","serviceAccountEmail":"559368532219-compute@developer.gserviceaccount.com","availableMemory":"512Mi","allTrafficOnLatestRevision":true,"secretEnvironmentVariables":[{"key":"ASC_P8","projectId":"soccer-app-52b6b","secret":"ASC_P8","version":"1"},{"key":"PLAY_SA","projectId":"soccer-app-52b6b","secret":"PLAY_SA","version":"1"}],"revision":"cronevery15min-00007-muq","maxInstanceRequestConcurrency":80,"availableCpu":"1"},"state":"ACTIVE","labels":{"deployment-tool":"cli-firebase","deployment-scheduled":"true","firebase-functions-hash":"cd3fc7d57279e11779f336036fabb985ce500cb8"},"environment":"GEN_2","url":"https://us-central1-soccer-app-52b6b.cloudfunctions.net/cronEvery15Min","satisfiesPzi":true},"stages":[{"name":"BUILD","message":"Build in progress","state":"IN_PROGRESS","resource":"projects/559368532219/locations/us-central1/builds/0c3491a4-b2dc-4690-8b8d-17d4cebdd6be","resourceUri":"https://console.cloud.google.com/cloud-build/builds;region=us-central1/0c3491a4-b2dc-4690-8b8d-17d4cebdd6be?project=559368532219"},{"name":"SERVICE","state":"NOT_STARTED"}],"operationType":"UPDATE_FUNCTION","buildName":"projects/559368532219/locations/us-central1/builds/0c3491a4-b2dc-4690-8b8d-17d4cebdd6be"},"done":false}
[debug] [2026-06-14T19:29:30.649Z] [update-default-us-central1-cronEvery15Min] Retrying task index 0
[debug] [2026-06-14T19:29:30.650Z] Checked if tokens are valid: true, expires at: 1781468943076
[debug] [2026-06-14T19:29:30.650Z] Checked if tokens are valid: true, expires at: 1781468943076
[debug] [2026-06-14T19:29:30.650Z] >>> [apiv2][query] GET https://cloudfunctions.googleapis.com/v2/projects/soccer-app-52b6b/locations/us-central1/operations/operation-1781465366634-6543bba5b9e88-128113bb-34ff22a6 [none]
[debug] [2026-06-14T19:29:31.397Z] <<< [apiv2][status] GET https://cloudfunctions.googleapis.com/v2/projects/soccer-app-52b6b/locations/us-central1/operations/operation-1781465366634-6543bba5b9e88-128113bb-34ff22a6 200
[debug] [2026-06-14T19:29:31.397Z] <<< [apiv2][body] GET https://cloudfunctions.googleapis.com/v2/projects/soccer-app-52b6b/locations/us-central1/operations/operation-1781465366634-6543bba5b9e88-128113bb-34ff22a6 {"name":"projects/soccer-app-52b6b/locations/us-central1/operations/operation-1781465366634-6543bba5b9e88-128113bb-34ff22a6","metadata":{"@type":"type.googleapis.com/google.cloud.functions.v2.OperationMetadata","createTime":"2026-06-14T19:29:27.651959117Z","target":"projects/soccer-app-52b6b/locations/us-central1/functions/cronEvery15Min","verb":"update","cancelRequested":false,"apiVersion":"v2","requestResource":{"@type":"type.googleapis.com/google.cloud.functions.v2.Function","name":"projects/soccer-app-52b6b/locations/us-central1/functions/cronEvery15Min","buildConfig":{"runtime":"nodejs20","entryPoint":"cronEvery15Min","source":{"storageSource":{"bucket":"gcf-v2-sources-559368532219-us-central1","object":"cronEvery15Min/function-source.zip","generation":"1781465367597177"}},"environmentVariables":{"GOOGLE_NODE_RUN_SCRIPTS":""},"dockerRepository":"projects/soccer-app-52b6b/locations/us-central1/repositories/gcf-artifacts","sourceProvenance":{"resolvedStorageSource":{"bucket":"gcf-v2-sources-559368532219-us-central1","object":"cronEvery15Min/function-source.zip","generation":"1781125743128019"}},"dockerRegistry":"ARTIFACT_REGISTRY","serviceAccount":"projects/soccer-app-52b6b/serviceAccounts/559368532219-compute@developer.gserviceaccount.com","automaticUpdatePolicy":{}},"serviceConfig":{"service":"projects/soccer-app-52b6b/locations/us-central1/services/cronevery15min","timeoutSeconds":540,"environmentVariables":{"FIREBASE_CONFIG":"{\"projectId\":\"soccer-app-52b6b\",\"storageBucket\":\"soccer-app-52b6b.firebasestorage.app\"}","GCLOUD_PROJECT":"soccer-app-52b6b","EVENTARC_CLOUD_EVENT_SOURCE":"projects/soccer-app-52b6b/locations/us-central1/services/cronEvery15Min","FUNCTION_TARGET":"cronEvery15Min","LOG_EXECUTION_ID":"true","FUNCTION_SIGNATURE_TYPE":"http"},"maxInstanceCount":10,"ingressSettings":"ALLOW_ALL","uri":"https://cronevery15min-kqbqmfcrmq-uc.a.run.app","serviceAccountEmail":"559368532219-compute@developer.gserviceaccount.com","availableMemory":"512Mi","allTrafficOnLatestRevision":true,"secretEnvironmentVariables":[{"key":"ASC_P8","projectId":"soccer-app-52b6b","secret":"ASC_P8","version":"1"},{"key":"PLAY_SA","projectId":"soccer-app-52b6b","secret":"PLAY_SA","version":"1"}],"revision":"cronevery15min-00007-muq","maxInstanceRequestConcurrency":80,"availableCpu":"1"},"state":"ACTIVE","labels":{"deployment-tool":"cli-firebase","deployment-scheduled":"true","firebase-functions-hash":"cd3fc7d57279e11779f336036fabb985ce500cb8"},"environment":"GEN_2","url":"https://us-central1-soccer-app-52b6b.cloudfunctions.net/cronEvery15Min","satisfiesPzi":true},"stages":[{"name":"BUILD","message":"Build in progress","state":"IN_PROGRESS","resource":"projects/559368532219/locations/us-central1/builds/0c3491a4-b2dc-4690-8b8d-17d4cebdd6be","resourceUri":"https://console.cloud.google.com/cloud-build/builds;region=us-central1/0c3491a4-b2dc-4690-8b8d-17d4cebdd6be?project=559368532219"},{"name":"SERVICE","state":"NOT_STARTED"}],"operationType":"UPDATE_FUNCTION","buildName":"projects/559368532219/locations/us-central1/builds/0c3491a4-b2dc-4690-8b8d-17d4cebdd6be"},"done":false}
